Date,Open,High,Low,Close,Volume,Adj Close
2011-11-23,nan,nan,nan,nan,nan,nan
2011-11-22,nan,nan,nan,nan,nan,nan
2011-11-21,nan,nan,nan,nan,nan,nan
2011-11-18,nan,nan,nan,nan,nan,nan
2011-11-17,nan,nan,nan,nan,nan,nan
2011-11-16,nan,nan,nan,nan,nan,nan
2011-11-15,nan,nan,nan,nan,nan,nan
2011-11-14,nan,nan,nan,nan,nan,nan
2011-11-11,nan,nan,nan,nan,nan,nan
2011-11-10,nan,nan,nan,nan,nan,nan
2011-11-09,nan,nan,nan,nan,nan,nan
2011-11-08,nan,nan,nan,nan,nan,nan
2011-11-07,nan,nan,nan,nan,nan,nan
2011-11-04,nan,nan,nan,nan,nan,nan
2011-11-03,nan,nan,nan,nan,nan,nan
2011-11-02,nan,nan,nan,nan,nan,nan
2011-11-01,nan,nan,nan,nan,nan,nan
2011-10-31,nan,nan,nan,nan,nan,nan
2011-10-28,nan,nan,nan,nan,nan,nan
2011-10-27,nan,nan,nan,nan,nan,nan
2011-10-26,nan,nan,nan,nan,nan,nan
2011-10-25,nan,nan,nan,nan,nan,nan
2011-10-24,nan,nan,nan,nan,nan,nan
2011-10-21,nan,nan,nan,nan,nan,nan
2011-10-20,nan,nan,nan,nan,nan,nan
2011-10-19,nan,nan,nan,nan,nan,nan
2011-10-18,nan,nan,nan,nan,nan,nan
2011-10-17,nan,nan,nan,nan,nan,nan
2011-10-14,nan,nan,nan,nan,nan,nan
2011-10-13,nan,nan,nan,nan,nan,nan
2011-10-12,nan,nan,nan,nan,nan,nan
2011-10-11,nan,nan,nan,nan,nan,nan
2011-10-10,nan,nan,nan,nan,nan,nan
2011-10-07,nan,nan,nan,nan,nan,nan
2011-10-06,nan,nan,nan,nan,nan,nan
2011-10-05,nan,nan,nan,nan,nan,nan
2011-10-04,nan,nan,nan,nan,nan,nan
2011-10-03,nan,nan,nan,nan,nan,nan
2011-09-30,nan,nan,nan,nan,nan,nan
2011-09-29,nan,nan,nan,nan,nan,nan
2011-09-28,nan,nan,nan,nan,nan,nan
2011-09-27,nan,nan,nan,nan,nan,nan
2011-09-26,nan,nan,nan,nan,nan,nan
2011-09-23,nan,nan,nan,nan,nan,nan
2011-09-22,nan,nan,nan,nan,nan,nan
2011-09-21,nan,nan,nan,nan,nan,nan
2011-09-20,nan,nan,nan,nan,nan,nan
2011-09-19,nan,nan,nan,nan,nan,nan
2011-09-16,nan,nan,nan,nan,nan,nan
2011-09-15,nan,nan,nan,nan,nan,nan
2011-09-14,nan,nan,nan,nan,nan,nan
2011-09-13,nan,nan,nan,nan,nan,nan
2011-09-12,nan,nan,nan,nan,nan,nan
2011-09-09,nan,nan,nan,nan,nan,nan
2011-09-08,nan,nan,nan,nan,nan,nan
2011-09-07,nan,nan,nan,nan,nan,nan
2011-09-06,nan,nan,nan,nan,nan,nan
2011-09-02,nan,nan,nan,nan,nan,nan
2011-09-01,nan,nan,nan,nan,nan,nan
2011-08-31,nan,nan,nan,nan,nan,nan
2011-08-30,nan,nan,nan,nan,nan,nan
2011-08-29,nan,nan,nan,nan,nan,nan
2011-08-26,nan,nan,nan,nan,nan,nan
2011-08-25,nan,nan,nan,nan,nan,nan
2011-08-24,nan,nan,nan,nan,nan,nan
2011-08-23,nan,nan,nan,nan,nan,nan
2011-08-22,nan,nan,nan,nan,nan,nan
2011-08-19,nan,nan,nan,nan,nan,nan
2011-08-18,nan,nan,nan,nan,nan,nan
2011-08-17,nan,nan,nan,nan,nan,nan
2011-08-16,nan,nan,nan,nan,nan,nan
2011-08-15,nan,nan,nan,nan,nan,nan
2011-08-12,nan,nan,nan,nan,nan,nan
2011-08-11,nan,nan,nan,nan,nan,nan
2011-08-10,nan,nan,nan,nan,nan,nan
2011-08-09,nan,nan,nan,nan,nan,nan
2011-08-08,nan,nan,nan,nan,nan,nan
2011-08-05,nan,nan,nan,nan,nan,nan
2011-08-04,nan,nan,nan,nan,nan,nan
2011-08-03,nan,nan,nan,nan,nan,nan
2011-08-02,nan,nan,nan,nan,nan,nan
2011-08-01,nan,nan,nan,nan,nan,nan
2011-07-29,nan,nan,nan,nan,nan,nan
2011-07-28,nan,nan,nan,nan,nan,nan
2011-07-27,nan,nan,nan,nan,nan,nan
2011-07-26,nan,nan,nan,nan,nan,nan
2011-07-25,nan,nan,nan,nan,nan,nan
2011-07-22,nan,nan,nan,nan,nan,nan
2011-07-21,nan,nan,nan,nan,nan,nan
2011-07-20,nan,nan,nan,nan,nan,nan
2011-07-19,nan,nan,nan,nan,nan,nan
2011-07-18,nan,nan,nan,nan,nan,nan
2011-07-15,nan,nan,nan,nan,nan,nan
2011-07-14,nan,nan,nan,nan,nan,nan
2011-07-13,nan,nan,nan,nan,nan,nan
2011-07-12,nan,nan,nan,nan,nan,nan
2011-07-11,nan,nan,nan,nan,nan,nan
2011-07-08,nan,nan,nan,nan,nan,nan
2011-07-07,nan,nan,nan,nan,nan,nan
2011-07-06,nan,nan,nan,nan,nan,nan
2011-07-05,nan,nan,nan,nan,nan,nan
2011-07-01,nan,nan,nan,nan,nan,nan
2011-06-30,nan,nan,nan,nan,nan,nan
2011-06-29,nan,nan,nan,nan,nan,nan
2011-06-28,nan,nan,nan,nan,nan,nan
2011-06-27,nan,nan,nan,nan,nan,nan
2011-06-24,nan,nan,nan,nan,nan,nan
2011-06-23,nan,nan,nan,nan,nan,nan
2011-06-22,nan,nan,nan,nan,nan,nan
2011-06-21,nan,nan,nan,nan,nan,nan
2011-06-20,nan,nan,nan,nan,nan,nan
2011-06-17,nan,nan,nan,nan,nan,nan
2011-06-16,nan,nan,nan,nan,nan,nan
2011-06-15,nan,nan,nan,nan,nan,nan
2011-06-14,nan,nan,nan,nan,nan,nan
2011-06-13,nan,nan,nan,nan,nan,nan
2011-06-10,nan,nan,nan,nan,nan,nan
2011-06-09,nan,nan,nan,nan,nan,nan
2011-06-08,nan,nan,nan,nan,nan,nan
2011-06-07,nan,nan,nan,nan,nan,nan
2011-06-06,nan,nan,nan,nan,nan,nan
2011-06-03,nan,nan,nan,nan,nan,nan
2011-06-02,nan,nan,nan,nan,nan,nan
2011-06-01,nan,nan,nan,nan,nan,nan
2011-05-31,nan,nan,nan,nan,nan,nan
2011-05-27,nan,nan,nan,nan,nan,nan
2011-05-26,nan,nan,nan,nan,nan,nan
2011-05-25,nan,nan,nan,nan,nan,nan
2011-05-24,nan,nan,nan,nan,nan,nan
2011-05-23,nan,nan,nan,nan,nan,nan
2011-05-20,nan,nan,nan,nan,nan,nan
2011-05-19,nan,nan,nan,nan,nan,nan
2011-05-18,nan,nan,nan,nan,nan,nan
2011-05-17,nan,nan,nan,nan,nan,nan
2011-05-16,nan,nan,nan,nan,nan,nan
2011-05-13,nan,nan,nan,nan,nan,nan
2011-05-12,nan,nan,nan,nan,nan,nan
2011-05-11,nan,nan,nan,nan,nan,nan
2011-05-10,nan,nan,nan,nan,nan,nan
2011-05-09,nan,nan,nan,nan,nan,nan
2011-05-06,nan,nan,nan,nan,nan,nan
2011-05-05,nan,nan,nan,nan,nan,nan
2011-05-04,nan,nan,nan,nan,nan,nan
2011-05-03,nan,nan,nan,nan,nan,nan
2011-05-02,nan,nan,nan,nan,nan,nan
2011-04-29,nan,nan,nan,nan,nan,nan
2011-04-28,nan,nan,nan,nan,nan,nan
2011-04-27,6.1,6.1,6.09,6.1,14811600.0,6.1
2011-04-26,6.09,6.1,6.08,6.1,3500000.0,6.1
2011-04-25,6.08,6.09,6.08,6.08,1169500.0,6.08
2011-04-21,6.09,6.09,6.08,6.08,2019400.0,6.08
2011-04-20,6.09,6.1,6.07,6.09,8802300.0,6.09
2011-04-19,6.05,6.06,6.04,6.06,2823300.0,6.06
2011-04-18,6.06,6.07,6.05,6.05,894200.0,6.05
2011-04-15,6.05,6.07,6.04,6.07,6907800.0,6.07
2011-04-14,6.03,6.05,6.02,6.05,8522300.0,6.05
2011-04-13,6.02,6.03,6.01,6.02,2708500.0,6.02
2011-04-12,6.02,6.03,6.01,6.02,5981700.0,6.02
2011-04-11,6.03,6.04,6.02,6.02,2780400.0,6.02
2011-04-08,6.0,6.05,6.0,6.03,7859300.0,6.03
2011-04-07,5.96,5.98,5.96,5.97,1243500.0,5.97
2011-04-06,5.98,5.98,5.96,5.96,1129200.0,5.96
2011-04-05,5.96,5.98,5.96,5.97,2536400.0,5.97
2011-04-04,5.95,5.99,5.95,5.98,2047300.0,5.98
2011-04-01,5.96,5.97,5.93,5.97,2073200.0,5.97
2011-03-31,5.95,5.97,5.93,5.93,3857500.0,5.93
2011-03-30,5.96,5.97,5.95,5.96,1520400.0,5.96
2011-03-29,5.96,5.97,5.93,5.97,2248400.0,5.97
2011-03-28,5.96,5.98,5.96,5.96,3567300.0,5.96
2011-03-25,5.92,5.97,5.92,5.96,5402000.0,5.96
2011-03-24,5.84,5.95,5.84,5.93,19446400.0,5.93
2011-03-23,5.78,5.8,5.75,5.78,3553700.0,5.78
2011-03-22,5.8,5.81,5.74,5.76,5735200.0,5.76
2011-03-21,5.79,5.8,5.77,5.8,3432500.0,5.8
2011-03-18,5.8,5.8,5.75,5.8,5697100.0,5.8
2011-03-17,5.8,5.81,5.78,5.79,2601800.0,5.79
2011-03-16,5.8,5.81,5.78,5.8,5893300.0,5.8
2011-03-15,5.79,5.82,5.77,5.79,6220900.0,5.79
2011-03-14,5.81,5.82,5.77,5.8,5261200.0,5.8
2011-03-11,5.84,5.85,5.8,5.83,5464644.0,5.83
2011-03-10,5.77,5.82,5.77,5.8,3661448.0,5.8
2011-03-09,5.79,5.81,5.76,5.77,2623700.0,5.77
2011-03-08,5.81,5.81,5.78,5.79,4664000.0,5.79
2011-03-07,5.82,5.83,5.78,5.79,5664600.0,5.79
2011-03-04,5.8,5.85,5.79,5.83,3217400.0,5.83
2011-03-03,5.82,5.85,5.8,5.82,4440900.0,5.82
2011-03-02,5.79,5.85,5.77,5.8,11978500.0,5.8
2011-03-01,5.88,5.89,5.86,5.87,6128300.0,5.87
2011-02-28,5.91,5.92,5.87,5.88,5918200.0,5.88
2011-02-25,5.93,5.94,5.9,5.91,3688100.0,5.91
2011-02-24,5.93,5.94,5.92,5.92,2395500.0,5.92
2011-02-23,5.94,5.94,5.92,5.92,2111600.0,5.92
2011-02-22,5.95,5.95,5.92,5.92,2525100.0,5.92
2011-02-18,5.95,5.95,5.93,5.95,3875500.0,5.95
2011-02-17,5.94,5.96,5.93,5.93,3257100.0,5.93
2011-02-16,5.94,5.95,5.93,5.95,1067900.0,5.95
2011-02-15,5.95,5.97,5.93,5.93,2441100.0,5.93
2011-02-14,5.95,5.96,5.94,5.95,2945200.0,5.95
2011-02-11,5.94,5.97,5.94,5.95,4517800.0,5.95
2011-02-10,5.94,5.96,5.94,5.95,2452500.0,5.95
2011-02-09,5.95,5.96,5.94,5.95,1973500.0,5.95
2011-02-08,5.94,5.96,5.94,5.96,4187100.0,5.96
2011-02-07,5.96,5.98,5.93,5.94,4743900.0,5.94
2011-02-04,5.97,5.99,5.95,5.96,3392000.0,5.96
2011-02-03,6.01,6.02,5.92,5.97,22410200.0,5.97
2011-02-02,6.02,6.04,6.01,6.02,2615600.0,6.02
2011-02-01,6.01,6.04,6.01,6.04,3077200.0,6.04
2011-01-31,6.0,6.02,6.0,6.02,3908200.0,6.02
2011-01-28,6.0,6.01,5.99,6.0,2769400.0,6.0
2011-01-27,5.98,6.01,5.97,6.01,6377600.0,6.01
2011-01-26,5.95,5.98,5.94,5.98,2441700.0,5.98
2011-01-25,5.94,5.96,5.94,5.94,4076800.0,5.94
2011-01-24,5.95,5.96,5.94,5.96,4787600.0,5.96
2011-01-21,5.96,5.96,5.94,5.94,3617100.0,5.94
2011-01-20,5.96,5.97,5.93,5.95,7385600.0,5.95
2011-01-19,5.97,5.97,5.95,5.96,4261800.0,5.96
2011-01-18,5.97,5.98,5.95,5.97,10513400.0,5.97
2011-01-14,5.94,5.95,5.93,5.94,3869300.0,5.94
2011-01-13,5.93,5.95,5.93,5.93,4427200.0,5.93
2011-01-12,5.93,5.94,5.93,5.93,2742600.0,5.93
2011-01-11,5.93,5.94,5.93,5.94,4038400.0,5.94
2011-01-10,5.93,5.94,5.93,5.93,2032400.0,5.93
2011-01-07,5.94,5.95,5.92,5.95,5634800.0,5.95
2011-01-06,5.91,5.94,5.9,5.94,12082700.0,5.94
2011-01-05,5.93,5.95,5.92,5.95,8522100.0,5.95
2011-01-04,5.94,5.95,5.93,5.93,2979900.0,5.93
2011-01-03,5.94,5.96,5.93,5.94,3296300.0,5.94
2010-12-31,5.95,5.96,5.92,5.92,2525600.0,5.92
2010-12-30,5.93,5.97,5.92,5.94,8558700.0,5.94
2010-12-29,5.99,6.0,5.93,5.93,18098700.0,5.93
2010-12-28,5.99,6.0,5.98,5.99,2245400.0,5.99
2010-12-27,5.98,6.0,5.98,5.99,2017200.0,5.99
2010-12-23,6.01,6.01,5.98,5.99,3966200.0,5.99
2010-12-22,6.01,6.02,6.0,6.01,1346400.0,6.01
2010-12-21,6.01,6.02,6.0,6.02,3642000.0,6.02
2010-12-20,6.01,6.02,6.0,6.02,4329600.0,6.02
2010-12-17,6.0,6.02,5.99,6.0,7468900.0,6.0
2010-12-16,6.01,6.01,5.99,6.0,5563800.0,6.0
2010-12-15,6.01,6.02,5.99,5.99,4980400.0,5.99
2010-12-14,5.99,6.02,5.98,6.01,7215600.0,6.01
2010-12-13,5.97,5.99,5.97,5.99,6689200.0,5.99
2010-12-10,5.96,5.98,5.96,5.96,3902800.0,5.96
2010-12-09,5.96,5.97,5.96,5.96,3148600.0,5.96
2010-12-08,5.95,5.97,5.95,5.97,5069700.0,5.97
2010-12-07,5.94,5.96,5.94,5.95,4568400.0,5.95
2010-12-06,5.94,5.96,5.94,5.96,5939000.0,5.96
2010-12-03,5.96,5.96,5.93,5.94,12287600.0,5.94
2010-12-02,5.95,5.96,5.94,5.96,7710700.0,5.96
2010-12-01,5.97,5.97,5.94,5.96,11350300.0,5.96
2010-11-30,5.95,5.99,5.94,5.95,10941900.0,5.95
2010-11-29,5.93,5.95,5.93,5.95,12018900.0,5.95
2010-11-26,5.93,5.95,5.93,5.94,3664700.0,5.94
2010-11-24,5.94,5.95,5.93,5.93,14539900.0,5.93
2010-11-23,5.96,5.97,5.93,5.93,42291600.0,5.93
2010-11-22,5.96,5.97,5.93,5.96,182285800.0,5.96
2010-11-19,5.64,5.7,5.54,5.59,5056400.0,5.59
2010-11-18,5.7,5.77,5.61,5.67,2559000.0,5.67
2010-11-17,5.71,5.71,5.61,5.65,1625300.0,5.65
2010-11-16,5.77,5.77,5.65,5.68,3018500.0,5.68
2010-11-15,5.8,5.9,5.76,5.81,3267100.0,5.81
2010-11-12,5.66,5.9,5.66,5.83,4668400.0,5.83
2010-11-11,5.6,5.71,5.51,5.68,3127200.0,5.68
2010-11-10,5.72,5.73,5.63,5.64,5986700.0,5.64
2010-11-09,5.73,5.75,5.68,5.73,2414300.0,5.73
2010-11-08,5.75,5.79,5.72,5.72,1445700.0,5.72
2010-11-05,5.8,5.84,5.77,5.78,2208200.0,5.78
2010-11-04,5.75,5.8,5.7,5.78,3385400.0,5.78
2010-11-03,5.77,5.81,5.69,5.71,4089000.0,5.71
2010-11-02,5.87,5.9,5.67,5.75,6066200.0,5.75
2010-11-01,5.95,5.96,5.79,5.8,5064400.0,5.8
2010-10-29,5.92,6.0,5.91,5.93,3855000.0,5.93
2010-10-28,6.01,6.02,5.93,5.93,3175900.0,5.93
2010-10-27,6.0,6.09,5.95,5.98,6885500.0,5.98
2010-10-26,6.01,6.1,5.9,6.07,9042400.0,6.07
2010-10-25,6.08,6.08,6.02,6.04,2907300.0,6.04
2010-10-22,6.08,6.13,6.02,6.07,6164700.0,6.07
2010-10-21,6.01,6.11,6.01,6.08,4716400.0,6.08
2010-10-20,5.97,6.09,5.94,6.01,13793900.0,6.01
2010-10-19,5.97,6.07,5.9,5.96,6594200.0,5.96
2010-10-18,6.07,6.11,6.0,6.07,3681000.0,6.07
2010-10-15,6.17,6.17,6.03,6.08,4760100.0,6.08
2010-10-14,6.05,6.14,6.05,6.14,4127500.0,6.14
2010-10-13,6.04,6.06,6.01,6.05,4185600.0,6.05
2010-10-12,5.95,6.06,5.94,6.03,4600200.0,6.03
2010-10-11,5.96,5.99,5.92,5.96,5794800.0,5.96
2010-10-08,5.94,6.04,5.86,5.99,2778800.0,5.99
2010-10-07,5.91,5.96,5.86,5.89,3217000.0,5.89
2010-10-06,5.87,5.96,5.83,5.87,3185200.0,5.87
2010-10-05,5.9,5.94,5.84,5.88,5439400.0,5.88
2010-10-04,5.96,5.97,5.87,5.87,7876400.0,5.87
2010-10-01,5.97,6.02,5.93,5.98,2643200.0,5.98
2010-09-30,6.06,6.09,5.96,5.97,2297600.0,5.97
2010-09-29,6.07,6.11,6.0,6.03,3258600.0,6.03
2010-09-28,6.05,6.14,6.05,6.12,1271100.0,6.12
2010-09-27,6.15,6.2,6.05,6.07,2984200.0,6.07
2010-09-24,6.14,6.23,6.1,6.18,2556300.0,6.18
2010-09-23,5.94,6.15,5.93,6.08,9113200.0,6.08
2010-09-22,6.3,6.53,6.29,6.51,6479400.0,6.51
2010-09-21,6.28,6.35,6.25,6.35,4344800.0,6.35
2010-09-20,6.17,6.33,6.1,6.31,6746700.0,6.31
2010-09-17,6.08,6.14,6.03,6.12,5753100.0,6.12
2010-09-16,5.87,6.25,5.87,6.05,18490800.0,6.05
2010-09-15,5.85,5.92,5.85,5.9,17179800.0,5.9
2010-09-14,5.58,5.59,5.52,5.57,1794000.0,5.57
2010-09-13,5.54,5.62,5.52,5.58,2268300.0,5.58
2010-09-10,5.7,5.71,5.5,5.52,3397900.0,5.52
2010-09-09,5.75,5.78,5.66,5.69,868900.0,5.69
2010-09-08,5.73,5.78,5.67,5.68,2422200.0,5.68
2010-09-07,5.8,5.8,5.67,5.7,2056400.0,5.7
2010-09-03,5.86,5.89,5.8,5.81,2126100.0,5.81
2010-09-02,5.78,5.88,5.75,5.84,1818300.0,5.84
2010-09-01,5.67,5.76,5.64,5.76,2602100.0,5.76
2010-08-31,5.69,5.75,5.61,5.63,3015000.0,5.63
2010-08-30,5.69,5.74,5.64,5.69,1298500.0,5.69
2010-08-27,5.66,5.8,5.52,5.73,8022800.0,5.73
2010-08-26,5.71,5.76,5.62,5.64,1605100.0,5.64
2010-08-25,5.68,5.76,5.57,5.71,2256400.0,5.71
2010-08-24,5.71,5.76,5.65,5.71,1815200.0,5.71
2010-08-23,5.84,5.86,5.76,5.76,1401200.0,5.76
2010-08-20,5.77,5.86,5.73,5.81,2979100.0,5.81
2010-08-19,5.86,5.94,5.73,5.77,1956400.0,5.77
2010-08-18,5.92,5.94,5.83,5.87,979000.0,5.87
2010-08-17,5.86,5.94,5.83,5.93,3070200.0,5.93
2010-08-16,5.62,5.85,5.61,5.8,3046700.0,5.8
2010-08-13,5.56,5.69,5.53,5.68,3359700.0,5.68
2010-08-12,5.58,5.65,5.52,5.54,6067000.0,5.54
2010-08-11,5.75,5.76,5.54,5.59,10543200.0,5.59
2010-08-10,5.87,6.0,5.75,5.82,9853200.0,5.82
2010-08-09,6.09,6.1,5.98,6.01,1630000.0,6.01
2010-08-06,6.03,6.12,6.0,6.08,1936800.0,6.08
2010-08-05,6.07,6.14,6.06,6.09,1631200.0,6.09
2010-08-04,6.09,6.11,5.97,6.11,1828300.0,6.11
2010-08-03,6.08,6.09,5.99,6.05,1400500.0,6.05
2010-08-02,6.09,6.12,6.02,6.09,1409400.0,6.09
2010-07-30,5.98,6.04,5.94,6.04,2806500.0,6.04
2010-07-29,6.14,6.14,5.98,5.98,2754100.0,5.98
2010-07-28,6.19,6.19,6.02,6.12,1910200.0,6.12
2010-07-27,6.18,6.2,6.14,6.2,1581500.0,6.2
2010-07-26,6.15,6.2,6.13,6.2,2038300.0,6.2
2010-07-23,6.11,6.19,6.1,6.16,1058900.0,6.16
2010-07-22,6.06,6.16,6.05,6.11,1558200.0,6.11
2010-07-21,6.16,6.18,6.0,6.01,1248500.0,6.01
2010-07-20,6.1,6.2,6.0,6.17,3341700.0,6.17
2010-07-19,6.1,6.21,6.02,6.17,4005200.0,6.17
2010-07-16,6.16,6.2,6.07,6.1,3212000.0,6.1
2010-07-15,6.12,6.2,6.08,6.18,2803900.0,6.18
2010-07-14,6.15,6.18,6.1,6.15,3434900.0,6.15
2010-07-13,6.18,6.2,6.13,6.2,3563200.0,6.2
2010-07-12,6.02,6.15,5.98,6.14,3123300.0,6.14
2010-07-09,5.95,6.06,5.88,6.06,2394400.0,6.06
2010-07-08,5.9,5.98,5.84,5.98,4506500.0,5.98
2010-07-07,5.83,5.89,5.81,5.89,2999800.0,5.89
2010-07-06,5.95,5.97,5.78,5.84,3546900.0,5.84
2010-07-02,5.86,5.97,5.84,5.91,3719500.0,5.91
2010-07-01,5.69,5.9,5.69,5.82,5384300.0,5.82
2010-06-30,5.79,5.86,5.65,5.68,4095100.0,5.68
2010-06-29,5.88,5.88,5.72,5.76,3574000.0,5.76
2010-06-28,5.95,6.03,5.93,5.94,1454700.0,5.94
2010-06-25,5.96,6.07,5.91,5.95,5996100.0,5.95
2010-06-24,5.99,6.02,5.9,5.95,2785900.0,5.95
2010-06-23,6.02,6.05,5.89,6.01,2349600.0,6.01
2010-06-22,6.04,6.1,5.96,5.99,2402700.0,5.99
2010-06-21,6.13,6.15,5.97,6.01,2304200.0,6.01
2010-06-18,6.15,6.15,6.07,6.12,3190400.0,6.12
2010-06-17,6.18,6.18,6.05,6.12,1811200.0,6.12
2010-06-16,6.22,6.24,6.09,6.16,2268400.0,6.16
2010-06-15,6.18,6.26,6.16,6.24,2252300.0,6.24
2010-06-14,6.25,6.36,6.14,6.19,6568100.0,6.19
2010-06-11,6.01,6.27,6.01,6.26,7302100.0,6.26
2010-06-10,6.02,6.1,5.94,6.09,2649800.0,6.09
2010-06-09,6.0,6.0,5.89,5.89,4204400.0,5.89
2010-06-08,5.97,6.0,5.91,5.98,5919000.0,5.98
2010-06-07,5.89,5.98,5.89,5.96,5008600.0,5.96
2010-06-04,5.9,5.98,5.85,5.9,3658600.0,5.9
2010-06-03,5.83,6.05,5.81,6.03,3165400.0,6.03
2010-06-02,5.78,5.9,5.77,5.85,2361000.0,5.85
2010-06-01,5.81,5.85,5.75,5.76,2674100.0,5.76
2010-05-28,5.9,5.93,5.83,5.83,3140300.0,5.83
2010-05-27,5.84,5.91,5.83,5.9,2802700.0,5.9
2010-05-26,5.92,5.96,5.8,5.81,4346600.0,5.81
2010-05-25,5.78,5.92,5.75,5.91,4549500.0,5.91
2010-05-24,5.97,6.02,5.92,5.94,1613000.0,5.94
2010-05-21,5.84,6.0,5.75,6.0,4845000.0,6.0
2010-05-20,6.03,6.06,5.87,5.91,8090800.0,5.91
2010-05-19,5.8,6.08,5.8,6.03,8395600.0,6.03
2010-05-18,5.91,5.95,5.8,5.82,6407700.0,5.82
2010-05-17,5.83,5.91,5.74,5.88,6645200.0,5.88
2010-05-14,5.83,5.91,5.75,5.84,5319700.0,5.84
2010-05-13,5.76,6.06,5.72,5.86,7883000.0,5.86
2010-05-12,5.81,5.83,5.63,5.75,5659300.0,5.75
2010-05-11,5.39,5.85,5.36,5.77,8380500.0,5.77
2010-05-10,5.45,5.52,5.31,5.43,2833700.0,5.43
2010-05-07,5.35,5.44,5.06,5.25,8677200.0,5.25
2010-05-06,5.62,5.66,5.06,5.36,9390100.0,5.36
2010-05-05,5.64,5.65,5.54,5.6,3327200.0,5.6
2010-05-04,5.72,5.72,5.63,5.66,2734900.0,5.66
2010-05-03,5.67,5.78,5.67,5.77,1867600.0,5.77
2010-04-30,5.76,5.76,5.61,5.64,3918800.0,5.64
2010-04-29,5.75,5.76,5.69,5.74,2081900.0,5.74
2010-04-28,5.76,5.79,5.7,5.71,4257600.0,5.71
2010-04-27,5.81,5.88,5.75,5.75,2994800.0,5.75
2010-04-26,5.77,5.87,5.76,5.84,2601500.0,5.84
2010-04-23,5.8,5.82,5.75,5.78,2642400.0,5.78
2010-04-22,5.76,5.82,5.76,5.78,2296400.0,5.78
2010-04-21,5.79,5.85,5.76,5.78,1408600.0,5.78
2010-04-20,5.75,5.79,5.74,5.76,1460500.0,5.76
2010-04-19,5.76,5.8,5.74,5.74,2423000.0,5.74
2010-04-16,5.76,5.82,5.75,5.76,4061400.0,5.76
2010-04-15,5.88,5.91,5.76,5.79,3155900.0,5.79
2010-04-14,5.81,5.91,5.81,5.89,1898600.0,5.89
2010-04-13,5.81,5.88,5.78,5.79,3800900.0,5.79
2010-04-12,5.89,5.92,5.8,5.81,7008300.0,5.81
2010-04-09,5.85,5.92,5.84,5.89,2168300.0,5.89
2010-04-08,5.88,5.9,5.84,5.86,4230000.0,5.86
2010-04-07,5.9,5.96,5.86,5.88,4269800.0,5.88
2010-04-06,6.04,6.06,5.86,5.91,5369600.0,5.91
2010-04-05,6.05,6.1,6.0,6.02,3036200.0,6.02
2010-04-01,6.01,6.12,5.94,6.07,9925600.0,6.07
2010-03-31,5.85,6.1,5.8,6.0,11325700.0,6.0
2010-03-30,5.74,5.89,5.67,5.84,12582200.0,5.84
2010-03-29,5.85,5.86,5.71,5.75,5759500.0,5.75
2010-03-26,5.91,5.91,5.81,5.86,4050100.0,5.86
2010-03-25,5.89,5.95,5.86,5.86,3554300.0,5.86
2010-03-24,5.91,5.93,5.87,5.87,3753200.0,5.87
2010-03-23,5.93,5.94,5.87,5.92,3482000.0,5.92
2010-03-22,5.91,5.95,5.83,5.89,10172300.0,5.89
2010-03-19,5.75,5.77,5.64,5.64,6474200.0,5.64
2010-03-18,5.77,5.79,5.7,5.72,5416700.0,5.72
2010-03-17,5.77,5.82,5.72,5.77,8724000.0,5.77
2010-03-16,5.78,5.81,5.73,5.78,6969900.0,5.78
2010-03-15,5.72,5.84,5.7,5.8,5332500.0,5.8
2010-03-12,5.81,5.85,5.69,5.72,14817200.0,5.72
2010-03-11,5.81,5.89,5.77,5.8,10670100.0,5.8
2010-03-10,5.87,5.89,5.78,5.81,7215700.0,5.81
2010-03-09,5.94,6.02,5.81,5.85,15937100.0,5.85
2010-03-08,5.87,5.99,5.76,5.81,14439700.0,5.81
2010-03-05,6.03,6.06,5.88,5.91,15771000.0,5.91
2010-03-04,6.06,6.11,6.01,6.01,38165000.0,6.01
2010-03-03,6.07,6.15,5.93,6.08,141334500.0,6.08
2010-03-02,4.81,4.86,4.73,4.75,11560800.0,4.75
2010-03-01,4.7,4.82,4.65,4.8,5220500.0,4.8
2010-02-26,4.75,4.76,4.66,4.7,7791400.0,4.7
2010-02-25,4.78,4.81,4.69,4.81,4630700.0,4.81
2010-02-24,4.85,4.89,4.82,4.86,2408000.0,4.86
2010-02-23,4.87,4.93,4.83,4.84,2165200.0,4.84
2010-02-22,4.93,4.97,4.87,4.92,4310600.0,4.92
2010-02-19,4.93,5.05,4.9,4.93,4145000.0,4.93
2010-02-18,4.95,4.97,4.85,4.96,2895000.0,4.96
2010-02-17,4.89,4.9,4.81,4.85,3465200.0,4.85
2010-02-16,4.81,4.89,4.76,4.86,2694900.0,4.86
2010-02-12,4.69,4.87,4.69,4.75,4532500.0,4.75
2010-02-11,4.78,4.82,4.7,4.76,3820900.0,4.76
2010-02-10,4.82,4.84,4.73,4.79,3610900.0,4.79
2010-02-09,4.76,4.9,4.71,4.84,4374900.0,4.84
2010-02-08,4.6,4.88,4.6,4.74,5036300.0,4.74
2010-02-05,4.66,4.76,4.64,4.72,4017800.0,4.72
2010-02-04,4.76,4.8,4.66,4.68,4854000.0,4.68
2010-02-03,4.83,4.85,4.74,4.82,5394100.0,4.82
2010-02-02,4.55,4.92,4.55,4.87,9139400.0,4.87
2010-02-01,4.62,4.62,4.43,4.57,5831000.0,4.57
2010-01-29,4.63,4.65,4.47,4.47,6029000.0,4.47
2010-01-28,4.63,4.65,4.52,4.58,4364900.0,4.58
2010-01-27,4.65,4.68,4.6,4.66,2774300.0,4.66
2010-01-26,4.65,4.71,4.63,4.68,3342600.0,4.68
2010-01-25,4.68,4.7,4.65,4.66,3157900.0,4.66
2010-01-22,4.71,4.79,4.62,4.64,4859700.0,4.64
2010-01-21,4.76,4.84,4.69,4.77,5354300.0,4.77
2010-01-20,4.77,4.79,4.65,4.76,5498600.0,4.76
2010-01-19,4.72,4.81,4.69,4.79,6293700.0,4.79
2010-01-15,4.76,4.77,4.58,4.73,7320300.0,4.73
2010-01-14,4.75,4.76,4.68,4.75,4391400.0,4.75
2010-01-13,4.65,4.75,4.63,4.73,5430800.0,4.73
2010-01-12,4.66,4.69,4.61,4.64,4637800.0,4.64
2010-01-11,4.58,4.69,4.58,4.66,5520800.0,4.66
2010-01-08,4.54,4.62,4.5,4.62,5485800.0,4.62
2010-01-07,4.58,4.6,4.53,4.6,6407100.0,4.6
2010-01-06,4.43,4.65,4.41,4.62,9140200.0,4.62
2010-01-05,4.26,4.47,4.21,4.44,9549300.0,4.44
2010-01-04,4.13,4.25,4.13,4.2,4815300.0,4.2
2009-12-31,4.16,4.24,4.15,4.15,2402500.0,4.15
2009-12-30,4.11,4.19,4.11,4.14,3141100.0,4.14
2009-12-29,4.08,4.16,4.08,4.13,4314700.0,4.13
2009-12-28,4.15,4.18,4.07,4.09,4499900.0,4.09
2009-12-24,4.15,4.2,4.13,4.17,1090300.0,4.17
2009-12-23,4.18,4.18,4.09,4.13,2411500.0,4.13
2009-12-22,4.09,4.2,4.09,4.18,1717700.0,4.18
2009-12-21,4.08,4.11,4.06,4.09,3172200.0,4.09
2009-12-18,4.08,4.1,3.99,4.07,5091300.0,4.07
2009-12-17,4.03,4.06,3.87,4.05,6615800.0,4.05
2009-12-16,4.14,4.19,4.04,4.05,3873900.0,4.05
2009-12-15,4.07,4.17,4.07,4.16,4012900.0,4.16
2009-12-14,4.12,4.15,4.07,4.08,3286000.0,4.08
2009-12-11,4.02,4.11,4.02,4.08,2654500.0,4.08
2009-12-10,4.07,4.13,4.0,4.0,4086000.0,4.0
2009-12-09,4.07,4.14,4.05,4.06,3277500.0,4.06
2009-12-08,3.95,4.1,3.95,4.08,3611700.0,4.08
2009-12-07,4.07,4.08,3.98,3.99,8343500.0,3.99
2009-12-04,3.92,4.13,3.92,4.06,7732900.0,4.06
2009-12-03,4.0,4.11,4.0,4.04,3207400.0,4.04
2009-12-02,3.92,4.06,3.88,4.0,5720600.0,4.0
2009-12-01,3.94,3.95,3.89,3.91,2280300.0,3.91
2009-11-30,3.9,3.94,3.84,3.91,2994400.0,3.91
2009-11-27,3.91,3.98,3.86,3.9,973500.0,3.9
2009-11-25,3.99,4.02,3.98,4.0,988500.0,4.0
2009-11-24,4.0,4.04,3.96,3.98,1940300.0,3.98
2009-11-23,4.01,4.05,4.0,4.03,1774400.0,4.03
2009-11-20,4.0,4.07,3.97,3.98,2085000.0,3.98
2009-11-19,4.01,4.06,3.96,3.97,1794400.0,3.97
2009-11-18,4.12,4.15,4.04,4.05,2485300.0,4.05
2009-11-17,4.1,4.15,4.08,4.1,2500100.0,4.1
2009-11-16,4.05,4.16,4.04,4.11,3891000.0,4.11
2009-11-13,4.03,4.08,3.97,4.05,4494600.0,4.05
2009-11-12,4.17,4.18,4.0,4.04,4201400.0,4.04
2009-11-11,4.18,4.23,4.14,4.2,3941700.0,4.2
2009-11-10,4.19,4.26,4.13,4.15,2940000.0,4.15
2009-11-09,4.13,4.23,4.13,4.19,3736100.0,4.19
2009-11-06,4.04,4.16,4.02,4.15,2555400.0,4.15
2009-11-05,4.1,4.13,4.04,4.08,3575100.0,4.08
2009-11-04,4.12,4.19,4.04,4.04,3070700.0,4.04
2009-11-03,4.0,4.2,3.96,4.19,4123500.0,4.19
2009-11-02,4.11,4.11,3.97,4.01,3503300.0,4.01
2009-10-30,4.23,4.25,4.06,4.09,4720700.0,4.09
2009-10-29,4.17,4.26,4.13,4.26,2804900.0,4.26
2009-10-28,4.18,4.24,4.14,4.14,3543000.0,4.14
2009-10-27,4.25,4.3,4.17,4.22,2482600.0,4.22
2009-10-26,4.35,4.39,4.21,4.24,2763100.0,4.24
2009-10-23,4.4,4.46,4.3,4.35,2451500.0,4.35
2009-10-22,4.39,4.46,4.37,4.39,2358000.0,4.39
2009-10-21,4.41,4.49,4.36,4.42,2344600.0,4.42
2009-10-20,4.38,4.46,4.27,4.41,5305900.0,4.41
2009-10-19,4.4,4.46,4.34,4.4,5358900.0,4.4
2009-10-16,4.39,4.46,4.35,4.37,3221100.0,4.37
2009-10-15,4.36,4.47,4.35,4.41,4626000.0,4.41
2009-10-14,4.55,4.57,4.34,4.4,6272800.0,4.4
2009-10-13,4.53,4.56,4.47,4.48,3740600.0,4.48
2009-10-12,4.5,4.56,4.47,4.54,3231400.0,4.54
2009-10-09,4.54,4.57,4.44,4.47,2489200.0,4.47
2009-10-08,4.55,4.57,4.51,4.53,1716800.0,4.53
2009-10-07,4.4,4.53,4.37,4.5,3403900.0,4.5
2009-10-06,4.5,4.58,4.43,4.46,2733500.0,4.46
2009-10-05,4.38,4.52,4.35,4.49,2348000.0,4.49
2009-10-02,4.37,4.43,4.3,4.38,3374800.0,4.38
2009-10-01,4.5,4.53,4.39,4.4,2844900.0,4.4
2009-09-30,4.59,4.59,4.44,4.51,4987500.0,4.51
2009-09-29,4.62,4.71,4.52,4.55,7104600.0,4.55
2009-09-28,4.6,4.72,4.56,4.62,2849400.0,4.62
2009-09-25,4.65,4.65,4.53,4.59,3339400.0,4.59
2009-09-24,4.75,4.79,4.57,4.63,3092400.0,4.63
2009-09-23,4.72,4.79,4.67,4.73,3464300.0,4.73
2009-09-22,4.74,4.77,4.7,4.73,1699400.0,4.73
2009-09-21,4.75,4.81,4.7,4.74,1914100.0,4.74
2009-09-18,4.75,4.82,4.71,4.78,3108700.0,4.78
2009-09-17,4.74,4.79,4.7,4.71,2714900.0,4.71
2009-09-16,4.62,4.79,4.61,4.77,2906900.0,4.77
2009-09-15,4.5,4.68,4.48,4.59,2753300.0,4.59
2009-09-14,4.38,4.57,4.35,4.54,3048300.0,4.54
2009-09-11,4.41,4.5,4.37,4.39,5823200.0,4.39
2009-09-10,4.47,4.53,4.41,4.44,2462800.0,4.44
2009-09-09,4.5,4.52,4.44,4.46,2996200.0,4.46
2009-09-08,4.32,4.53,4.32,4.53,4793800.0,4.53
2009-09-04,4.37,4.38,4.29,4.32,3513100.0,4.32
2009-09-03,4.26,4.37,4.21,4.35,3653000.0,4.35
2009-09-02,4.29,4.36,4.21,4.23,3643600.0,4.23
2009-09-01,4.3,4.4,4.24,4.3,5063400.0,4.3
2009-08-31,4.36,4.36,4.28,4.35,4833900.0,4.35
2009-08-28,4.55,4.56,4.36,4.38,7606300.0,4.38
2009-08-27,4.72,4.79,4.54,4.71,4468500.0,4.71
2009-08-26,4.72,4.77,4.68,4.75,2294800.0,4.75
2009-08-25,4.79,4.85,4.71,4.72,1825700.0,4.72
2009-08-24,4.73,4.81,4.69,4.79,2579300.0,4.79
2009-08-21,4.64,4.76,4.48,4.69,2461600.0,4.69
2009-08-20,4.5,4.61,4.5,4.57,3134000.0,4.57
2009-08-19,4.5,4.61,4.45,4.49,2718300.0,4.49
2009-08-18,4.44,4.53,4.41,4.53,1596000.0,4.53
2009-08-17,4.51,4.61,4.42,4.45,1222800.0,4.45
2009-08-14,4.67,4.69,4.56,4.58,994700.0,4.58
2009-08-13,4.68,4.68,4.56,4.67,1132200.0,4.67
2009-08-12,4.55,4.65,4.53,4.62,1566000.0,4.62
2009-08-11,4.63,4.67,4.53,4.55,2171900.0,4.55
2009-08-10,4.73,4.82,4.68,4.69,2128400.0,4.69
2009-08-07,4.64,4.84,4.56,4.77,1776700.0,4.77
2009-08-06,4.68,4.69,4.57,4.57,1775500.0,4.57
2009-08-05,4.71,4.75,4.61,4.66,1103100.0,4.66
2009-08-04,4.71,4.75,4.68,4.72,1725300.0,4.72
2009-08-03,4.67,4.74,4.58,4.73,3261300.0,4.73
2009-07-31,4.72,4.75,4.58,4.58,3194800.0,4.58
2009-07-30,4.72,4.78,4.6,4.62,2263200.0,4.62
2009-07-29,4.75,4.75,4.59,4.65,3434700.0,4.65
2009-07-28,4.71,4.81,4.67,4.73,2677900.0,4.73
2009-07-27,4.8,4.85,4.68,4.76,2149800.0,4.76
2009-07-24,4.84,4.9,4.7,4.82,1867000.0,4.82
2009-07-23,4.68,4.98,4.53,4.86,6268000.0,4.86
2009-07-22,4.39,4.69,4.35,4.68,3973400.0,4.68
2009-07-21,4.42,4.45,4.34,4.37,1832200.0,4.37
2009-07-20,4.46,4.48,4.35,4.39,2645900.0,4.39
2009-07-17,4.5,4.5,4.4,4.45,2103800.0,4.45
2009-07-16,4.53,4.58,4.44,4.5,2903600.0,4.5
2009-07-15,4.33,4.5,4.29,4.48,2897100.0,4.48
2009-07-14,4.16,4.25,4.16,4.25,2408500.0,4.25
2009-07-13,4.26,4.26,4.12,4.21,2958100.0,4.21
2009-07-10,4.2,4.28,4.16,4.26,2166200.0,4.26
2009-07-09,4.26,4.29,4.19,4.24,1920600.0,4.24
2009-07-08,4.28,4.3,4.13,4.23,3350500.0,4.23
2009-07-07,4.42,4.47,4.26,4.27,3288700.0,4.27
2009-07-06,4.44,4.46,4.3,4.43,3261700.0,4.43
2009-07-02,4.6,4.61,4.46,4.48,3342900.0,4.48
2009-07-01,4.56,4.68,4.55,4.64,3526800.0,4.64
2009-06-30,4.59,4.67,4.5,4.53,2730600.0,4.53
2009-06-29,4.57,4.62,4.52,4.59,4280300.0,4.59
2009-06-26,4.54,4.67,4.41,4.62,5728200.0,4.62
2009-06-25,4.46,4.58,4.36,4.55,3390300.0,4.55
2009-06-24,4.44,4.59,4.4,4.47,4823800.0,4.47
2009-06-23,4.45,4.47,4.25,4.4,4677800.0,4.4
2009-06-22,4.43,4.55,4.32,4.46,5757200.0,4.46
2009-06-19,4.32,4.81,4.19,4.68,15686300.0,4.68
2009-06-18,3.97,4.28,3.91,4.25,7631800.0,4.25
2009-06-17,3.98,4.07,3.86,4.01,4612500.0,4.01
2009-06-16,4.06,4.09,3.97,3.99,3645300.0,3.99
2009-06-15,4.07,4.12,3.97,4.03,5144300.0,4.03
2009-06-12,4.07,4.18,4.07,4.15,3615200.0,4.15
2009-06-11,4.14,4.21,4.07,4.14,7290700.0,4.14
2009-06-10,4.17,4.21,4.07,4.14,1920000.0,4.14
2009-06-09,4.15,4.19,4.08,4.16,2178600.0,4.16
2009-06-08,4.05,4.15,4.03,4.11,2128600.0,4.11
2009-06-05,4.15,4.19,4.03,4.12,4398400.0,4.12
2009-06-04,4.18,4.24,3.98,4.12,4462100.0,4.12
2009-06-03,4.2,4.24,4.0,4.11,6776700.0,4.11
2009-06-02,4.31,4.37,4.15,4.19,4461100.0,4.19
2009-06-01,4.22,4.33,4.19,4.31,6630600.0,4.31
2009-05-29,4.63,4.66,4.02,4.16,10086800.0,4.16
2009-05-28,4.41,4.49,4.31,4.43,6727400.0,4.43
2009-05-27,4.33,4.44,4.31,4.37,5479900.0,4.37
2009-05-26,4.09,4.31,4.02,4.3,2864600.0,4.3
2009-05-22,4.06,4.21,4.04,4.13,2550200.0,4.13
2009-05-21,4.07,4.17,4.01,4.06,3109400.0,4.06
2009-05-20,4.01,4.26,4.01,4.15,4605500.0,4.15
2009-05-19,3.95,4.08,3.93,4.01,2051700.0,4.01
2009-05-18,3.97,4.05,3.93,4.02,2694800.0,4.02
2009-05-15,3.9,4.0,3.9,3.95,2711400.0,3.95
2009-05-14,3.93,3.99,3.89,3.98,2361200.0,3.98
2009-05-13,3.99,4.09,3.9,3.91,1853200.0,3.91
2009-05-12,4.15,4.2,4.07,4.09,3929800.0,4.09
2009-05-11,3.86,4.14,3.86,4.11,4436400.0,4.11
2009-05-08,3.91,4.02,3.84,3.88,4237300.0,3.88
2009-05-07,4.0,4.09,3.9,3.9,4150800.0,3.9
2009-05-06,3.91,3.98,3.83,3.94,3693800.0,3.94
2009-05-05,3.74,3.81,3.7,3.8,2767200.0,3.8
2009-05-04,3.77,3.8,3.71,3.74,2383300.0,3.74
2009-05-01,3.8,3.81,3.73,3.76,2287800.0,3.76
2009-04-30,3.83,3.86,3.73,3.76,1760700.0,3.76
2009-04-29,3.81,3.86,3.77,3.8,2220000.0,3.8
2009-04-28,3.78,3.83,3.72,3.78,2012200.0,3.78
2009-04-27,3.85,3.99,3.75,3.83,2924300.0,3.83
2009-04-24,3.84,3.89,3.76,3.87,3120300.0,3.87
2009-04-23,3.84,3.86,3.74,3.82,1832500.0,3.82
2009-04-22,3.8,3.96,3.75,3.82,3833200.0,3.82
2009-04-21,3.77,3.83,3.7,3.82,3184100.0,3.82
2009-04-20,3.85,3.93,3.71,3.72,2908800.0,3.72
2009-04-17,4.04,4.07,3.92,3.94,3258000.0,3.94
2009-04-16,3.84,4.02,3.82,3.99,4149100.0,3.99
2009-04-15,3.74,3.86,3.74,3.84,2333300.0,3.84
2009-04-14,3.69,3.84,3.67,3.79,2778600.0,3.79
2009-04-13,3.87,3.87,3.63,3.75,3480000.0,3.75
2009-04-09,3.92,3.92,3.68,3.74,5746300.0,3.74
2009-04-08,3.88,4.08,3.82,3.89,5537700.0,3.89
2009-04-07,3.79,3.81,3.65,3.72,4411200.0,3.72
2009-04-06,3.9,3.94,3.74,3.89,4168700.0,3.89
2009-04-03,4.21,4.22,4.0,4.09,3302800.0,4.09
2009-04-02,4.17,4.27,4.07,4.22,5441300.0,4.22
2009-04-01,4.19,4.36,4.1,4.11,6735800.0,4.11
2009-03-31,4.32,4.36,4.25,4.26,4811100.0,4.26
2009-03-30,4.34,4.39,4.25,4.31,3629200.0,4.31
2009-03-27,4.45,4.49,4.32,4.4,3874300.0,4.4
2009-03-26,4.3,4.54,4.3,4.53,2673400.0,4.53
2009-03-25,4.28,4.42,4.2,4.34,2895600.0,4.34
2009-03-24,4.32,4.39,4.22,4.28,4130900.0,4.28
2009-03-23,4.18,4.43,4.12,4.43,3676800.0,4.43
2009-03-20,4.38,4.41,3.97,4.12,5835000.0,4.12
2009-03-19,4.29,4.4,4.21,4.35,6579000.0,4.35
2009-03-18,3.85,4.24,3.85,4.23,8402600.0,4.23
2009-03-17,3.72,3.9,3.66,3.89,4208700.0,3.89
2009-03-16,3.68,3.75,3.64,3.7,4299900.0,3.7
2009-03-13,3.68,3.71,3.52,3.67,2153700.0,3.67
2009-03-12,3.32,3.71,3.32,3.69,6482400.0,3.69
2009-03-11,3.25,3.39,3.23,3.36,3861400.0,3.36
2009-03-10,3.11,3.27,3.05,3.27,4908700.0,3.27
2009-03-09,3.12,3.26,3.01,3.02,4021300.0,3.02
2009-03-06,3.09,3.22,3.08,3.19,3083100.0,3.19
2009-03-05,3.2,3.2,3.07,3.07,2688700.0,3.07
2009-03-04,3.18,3.33,3.15,3.23,3375800.0,3.23
2009-03-03,3.05,3.19,3.03,3.17,6144800.0,3.17
2009-03-02,3.08,3.13,2.97,2.98,3626000.0,2.98
2009-02-27,3.18,3.32,3.12,3.16,4264900.0,3.16
2009-02-26,3.36,3.37,3.3,3.3,3999100.0,3.3
2009-02-25,3.36,3.39,3.28,3.3,3050400.0,3.3
2009-02-24,3.36,3.45,3.27,3.36,3494500.0,3.36
2009-02-23,3.4,3.48,3.27,3.27,4035800.0,3.27
2009-02-20,3.43,3.43,3.24,3.34,3866800.0,3.34
2009-02-19,3.43,3.51,3.38,3.4,3806300.0,3.4
2009-02-18,3.35,3.54,3.35,3.4,4303000.0,3.4
2009-02-17,3.32,3.48,3.26,3.38,4270300.0,3.38
2009-02-13,3.44,3.53,3.41,3.41,1942600.0,3.41
2009-02-12,3.4,3.49,3.33,3.45,3588500.0,3.45
2009-02-11,3.47,3.55,3.4,3.44,3736800.0,3.44
2009-02-10,3.55,3.6,3.45,3.46,6079100.0,3.46
2009-02-09,3.66,3.72,3.57,3.6,6677300.0,3.6
2009-02-06,3.65,3.71,3.59,3.68,2786900.0,3.68
2009-02-05,3.63,3.67,3.59,3.65,3511900.0,3.65
2009-02-04,3.71,3.79,3.64,3.68,2660500.0,3.68
2009-02-03,3.63,3.75,3.55,3.75,3752500.0,3.75
2009-02-02,3.66,3.69,3.58,3.64,1983100.0,3.64
2009-01-30,3.77,3.83,3.65,3.7,2537100.0,3.7
2009-01-29,3.92,3.92,3.71,3.77,2500700.0,3.77
2009-01-28,3.85,3.91,3.79,3.87,2011200.0,3.87
2009-01-27,3.77,3.9,3.76,3.81,1718400.0,3.81
2009-01-26,3.79,3.94,3.72,3.77,3264700.0,3.77
2009-01-23,3.54,3.88,3.53,3.82,3745000.0,3.82
2009-01-22,3.63,3.68,3.52,3.56,3097100.0,3.56
2009-01-21,3.54,3.71,3.5,3.69,6633800.0,3.69
2009-01-20,3.7,3.72,3.45,3.49,3336000.0,3.49
2009-01-16,3.76,3.79,3.61,3.68,2769500.0,3.68
2009-01-15,3.59,3.75,3.5,3.7,2971300.0,3.7
2009-01-14,3.64,3.69,3.54,3.6,3685600.0,3.6
2009-01-13,3.88,3.94,3.63,3.7,4298100.0,3.7
2009-01-12,3.99,4.02,3.81,3.89,5546300.0,3.89
2009-01-09,4.04,4.08,3.93,4.0,2940900.0,4.0
2009-01-08,4.01,4.03,3.95,4.03,2053200.0,4.03
2009-01-07,4.03,4.06,3.95,3.98,3203700.0,3.98
2009-01-06,3.87,4.21,3.84,4.1,9914100.0,4.1
2009-01-05,3.83,3.94,3.72,3.81,3860200.0,3.81
2009-01-02,3.88,3.97,3.82,3.97,2015500.0,3.97
2008-12-31,3.8,3.91,3.75,3.89,2655000.0,3.89
2008-12-30,3.57,3.79,3.54,3.79,2574400.0,3.79
2008-12-29,3.64,3.64,3.48,3.56,3545300.0,3.56
2008-12-26,3.55,3.61,3.5,3.61,1688900.0,3.61
2008-12-24,3.59,3.59,3.5,3.55,1309700.0,3.55
2008-12-23,3.51,3.59,3.47,3.54,2015600.0,3.54
2008-12-22,3.5,3.54,3.43,3.47,2598800.0,3.47
2008-12-19,3.58,3.65,3.48,3.54,4841600.0,3.54
2008-12-18,3.7,3.71,3.51,3.56,4220800.0,3.56
2008-12-17,3.82,3.87,3.67,3.76,5043200.0,3.76
2008-12-16,3.65,3.86,3.65,3.86,3815200.0,3.86
2008-12-15,3.85,3.87,3.58,3.64,7049200.0,3.64
2008-12-12,3.67,3.84,3.67,3.84,3278300.0,3.84
2008-12-11,3.99,4.05,3.75,3.79,4283000.0,3.79
2008-12-10,4.1,4.11,3.95,4.04,4583700.0,4.04
2008-12-09,4.17,4.29,4.02,4.08,3798900.0,4.08
2008-12-08,4.1,4.26,3.99,4.23,5725400.0,4.23
2008-12-05,4.03,4.28,3.78,4.05,5585700.0,4.05
2008-12-04,4.02,4.03,3.78,3.82,3626900.0,3.82
2008-12-03,4.09,4.17,3.93,4.08,4705100.0,4.08
2008-12-02,4.24,4.31,4.05,4.18,3529000.0,4.18
2008-12-01,4.41,4.56,4.18,4.18,2253500.0,4.18
2008-11-28,4.48,4.6,4.42,4.55,1350100.0,4.55
2008-11-26,4.17,4.56,4.14,4.51,2600900.0,4.51
2008-11-25,4.32,4.4,4.03,4.27,2933800.0,4.27
2008-11-24,3.87,4.31,3.81,4.26,4494800.0,4.26
2008-11-21,3.51,3.84,3.47,3.84,4934100.0,3.84
2008-11-20,3.75,3.85,3.45,3.47,3890500.0,3.47
2008-11-19,4.08,4.22,3.82,3.82,3260400.0,3.82
2008-11-18,4.05,4.25,3.98,4.24,4177900.0,4.24
2008-11-17,4.09,4.3,4.0,4.09,3769700.0,4.09
2008-11-14,4.28,4.45,4.1,4.17,2673200.0,4.17
2008-11-13,4.16,4.41,3.78,4.41,3450900.0,4.41
2008-11-12,4.3,4.36,4.15,4.15,2094000.0,4.15
2008-11-11,4.47,4.5,4.27,4.4,2282300.0,4.4
2008-11-10,4.55,4.66,4.4,4.48,1857700.0,4.48
2008-11-07,4.47,4.54,4.33,4.52,2170000.0,4.52
2008-11-06,4.5,4.58,4.34,4.38,2148900.0,4.38
2008-11-05,4.83,4.83,4.58,4.62,3377400.0,4.62
2008-11-04,4.73,4.86,4.67,4.85,2434500.0,4.85
2008-11-03,4.56,4.75,4.43,4.67,3355200.0,4.67
2008-10-31,4.51,4.85,4.49,4.66,4157600.0,4.66
2008-10-30,4.36,4.62,4.22,4.59,4826000.0,4.59
2008-10-29,4.4,4.47,4.19,4.28,2871300.0,4.28
2008-10-28,3.9,4.41,3.8,4.39,7889800.0,4.39
2008-10-27,3.99,4.07,3.82,3.83,4678200.0,3.83
2008-10-24,4.01,4.28,3.97,4.11,6488500.0,4.11
2008-10-23,4.5,4.58,4.09,4.35,4892500.0,4.35
2008-10-22,4.73,4.84,4.36,4.51,2708500.0,4.51
2008-10-21,4.9,5.07,4.79,4.8,1865200.0,4.8
2008-10-20,4.8,5.14,4.77,5.12,3780800.0,5.12
2008-10-17,4.68,5.04,4.53,4.77,4176400.0,4.77
2008-10-16,4.22,4.87,3.96,4.85,9493000.0,4.85
2008-10-15,4.5,4.6,4.22,4.23,4906400.0,4.23
2008-10-14,4.85,4.98,4.47,4.6,5867000.0,4.6
2008-10-13,4.49,4.72,4.44,4.7,4144900.0,4.7
2008-10-10,4.3,4.48,3.93,4.23,8635300.0,4.23
2008-10-09,4.7,4.83,4.4,4.41,4931500.0,4.41
2008-10-08,4.29,4.84,4.19,4.61,6693000.0,4.61
2008-10-07,4.93,5.0,4.37,4.37,5094500.0,4.37
2008-10-06,4.9,5.06,4.6,4.84,4964100.0,4.84
2008-10-03,5.06,5.4,5.0,5.0,5410200.0,5.0
2008-10-02,5.33,5.44,5.05,5.06,3020600.0,5.06
2008-10-01,5.12,5.38,5.05,5.25,5706200.0,5.25
2008-09-30,5.0,5.16,4.82,5.14,2983900.0,5.14
2008-09-29,5.2,5.29,4.82,4.85,3810600.0,4.85
2008-09-26,5.2,5.35,5.13,5.29,2373000.0,5.29
2008-09-25,5.23,5.36,5.22,5.32,3412300.0,5.32
2008-09-24,5.26,5.48,5.2,5.26,3584400.0,5.26
2008-09-23,5.39,5.55,5.26,5.32,4059900.0,5.32
2008-09-22,5.7,5.78,5.34,5.36,2364200.0,5.36
2008-09-19,5.57,6.03,5.39,5.77,8237200.0,5.77
2008-09-18,5.4,5.55,4.93,5.54,6518000.0,5.54
2008-09-17,5.28,5.44,5.26,5.32,5127400.0,5.32
2008-09-16,5.31,5.49,5.18,5.41,4741600.0,5.41
2008-09-15,5.57,5.66,5.31,5.34,3885300.0,5.34
2008-09-12,5.62,5.75,5.56,5.66,2927300.0,5.66
2008-09-11,5.71,5.76,5.64,5.68,2777600.0,5.68
2008-09-10,5.72,5.82,5.7,5.79,2422500.0,5.79
2008-09-09,5.9,5.94,5.72,5.73,5569300.0,5.73
2008-09-08,6.0,6.09,5.84,5.85,4538300.0,5.85
2008-09-05,6.12,6.12,5.9,5.99,2779800.0,5.99
2008-09-04,6.16,6.27,6.01,6.04,3748500.0,6.04
2008-09-03,6.36,6.42,6.16,6.22,4930000.0,6.22
2008-09-02,6.46,6.62,6.25,6.4,7168900.0,6.4
2008-08-29,6.08,6.44,6.07,6.43,9479000.0,6.43
2008-08-28,5.98,6.04,5.91,6.01,2835100.0,6.01
2008-08-27,5.83,5.99,5.81,5.91,4270400.0,5.91
2008-08-26,5.95,5.97,5.8,5.89,2081300.0,5.89
2008-08-25,5.99,6.01,5.87,5.9,1693800.0,5.9
2008-08-22,5.96,6.02,5.88,5.98,1849300.0,5.98
2008-08-21,5.8,5.92,5.8,5.91,1685300.0,5.91
2008-08-20,5.87,5.95,5.8,5.86,3013700.0,5.86
2008-08-19,5.77,5.8,5.7,5.74,1695100.0,5.74
2008-08-18,5.88,5.9,5.77,5.78,2362100.0,5.78
2008-08-15,5.84,5.91,5.75,5.85,4087900.0,5.85
2008-08-14,5.74,5.93,5.71,5.84,5290200.0,5.84
2008-08-13,5.54,5.81,5.49,5.76,7506700.0,5.76
2008-08-12,5.63,5.72,5.45,5.53,8416000.0,5.53
2008-08-11,5.42,5.65,5.4,5.6,8541800.0,5.6
2008-08-08,5.37,5.4,5.32,5.4,4602500.0,5.4
2008-08-07,5.35,5.48,5.28,5.36,4421200.0,5.36
2008-08-06,5.39,5.44,5.25,5.38,6912500.0,5.38
2008-08-05,5.44,5.48,5.26,5.4,8471100.0,5.4
2008-08-04,5.4,5.49,5.36,5.39,3014700.0,5.39
2008-08-01,5.61,5.61,5.34,5.42,3656000.0,5.42
2008-07-31,5.58,5.67,5.57,5.57,4262700.0,5.57
2008-07-30,5.68,5.71,5.56,5.65,3020700.0,5.65
2008-07-29,5.59,5.65,5.5,5.63,2515600.0,5.63
2008-07-28,5.67,5.79,5.54,5.55,3434800.0,5.55
2008-07-25,5.86,5.88,5.69,5.73,3542400.0,5.73
2008-07-24,6.03,6.06,5.8,5.82,1886700.0,5.82
2008-07-23,5.96,6.11,5.88,6.02,2999200.0,6.02
2008-07-22,5.85,5.98,5.77,5.96,2510600.0,5.96
2008-07-21,5.78,5.93,5.76,5.85,3336700.0,5.85
2008-07-18,5.82,5.88,5.7,5.81,2729700.0,5.81
2008-07-17,5.61,5.87,5.56,5.8,3674300.0,5.8
2008-07-16,5.4,5.69,5.39,5.65,6151800.0,5.65
2008-07-15,5.39,5.56,5.34,5.48,4137800.0,5.48
2008-07-14,5.69,5.69,5.44,5.45,5587400.0,5.45
2008-07-11,5.7,5.77,5.53,5.65,4999200.0,5.65
2008-07-10,5.79,5.89,5.66,5.78,3521800.0,5.78
2008-07-09,5.86,5.89,5.72,5.79,5055100.0,5.79
2008-07-08,5.72,5.86,5.68,5.83,3963800.0,5.83
2008-07-07,5.9,5.97,5.66,5.74,3736400.0,5.74
2008-07-03,5.99,6.0,5.87,5.9,1658700.0,5.9
2008-07-02,5.99,6.06,5.92,5.94,3770500.0,5.94
2008-07-01,5.84,6.0,5.81,5.95,9497400.0,5.95
2008-06-30,6.09,6.09,5.78,5.89,7688600.0,5.89
2008-06-27,6.11,6.15,5.98,6.13,7380900.0,6.13
2008-06-26,6.11,6.14,5.92,5.92,3845500.0,5.92
2008-06-25,6.19,6.25,6.12,6.17,3718400.0,6.17
2008-06-24,6.06,6.2,5.97,6.12,3587100.0,6.12
2008-06-23,6.19,6.19,6.05,6.07,3851700.0,6.07
2008-06-20,6.3,6.36,6.16,6.18,3950900.0,6.18
2008-06-19,6.35,6.43,6.29,6.35,5619300.0,6.35
2008-06-18,6.3,6.39,6.21,6.34,4375600.0,6.34
2008-06-17,6.24,6.38,6.19,6.36,4698100.0,6.36
2008-06-16,6.11,6.29,6.05,6.24,4278300.0,6.24
2008-06-13,6.18,6.29,6.15,6.25,2422200.0,6.25
2008-06-12,6.2,6.24,6.09,6.15,4702400.0,6.15
2008-06-11,6.32,6.34,6.16,6.17,3421100.0,6.17
2008-06-10,6.41,6.45,6.36,6.37,2777700.0,6.37
2008-06-09,6.65,6.71,6.45,6.5,4397000.0,6.5
2008-06-06,6.89,6.89,6.61,6.61,3269600.0,6.61
2008-06-05,6.94,6.96,6.67,6.93,7020300.0,6.93
2008-06-04,6.82,6.97,6.8,6.94,2640500.0,6.94
2008-06-03,6.79,6.94,6.75,6.9,4643100.0,6.9
2008-06-02,7.0,7.05,6.67,6.75,4816900.0,6.75
2008-05-30,6.9,7.1,6.82,7.08,6875400.0,7.08
2008-05-29,6.63,6.85,6.55,6.71,4805800.0,6.71
2008-05-28,6.52,6.61,6.47,6.57,2885000.0,6.57
2008-05-27,6.3,6.46,6.27,6.44,3886400.0,6.44
2008-05-23,6.4,6.48,6.28,6.32,2034200.0,6.32
2008-05-22,6.4,6.53,6.39,6.45,2088800.0,6.45
2008-05-21,6.39,6.51,6.39,6.42,2746200.0,6.42
2008-05-20,6.53,6.54,6.41,6.47,1621700.0,6.47
2008-05-19,6.66,6.66,6.5,6.51,2632500.0,6.51
2008-05-16,6.58,6.74,6.56,6.67,2248200.0,6.67
2008-05-15,6.6,6.66,6.44,6.62,2560600.0,6.62
2008-05-14,6.55,6.62,6.49,6.57,4666200.0,6.57
2008-05-13,6.4,6.54,6.35,6.5,2460500.0,6.5
2008-05-12,6.36,6.41,6.25,6.38,2843600.0,6.38
2008-05-09,6.34,6.39,6.3,6.36,1404400.0,6.36
2008-05-08,6.44,6.46,6.33,6.4,1732700.0,6.4
2008-05-07,6.44,6.55,6.4,6.45,3895200.0,6.45
2008-05-06,6.23,6.51,6.18,6.45,3574800.0,6.45
2008-05-05,6.3,6.31,6.21,6.23,3266600.0,6.23
2008-05-02,6.37,6.41,6.33,6.36,2977700.0,6.36
2008-05-01,6.25,6.37,6.21,6.36,2718800.0,6.36
2008-04-30,6.34,6.36,6.25,6.28,3640100.0,6.28
2008-04-29,6.4,6.43,6.3,6.36,2350400.0,6.36
2008-04-28,6.46,6.47,6.37,6.39,1919100.0,6.39
2008-04-25,6.43,6.49,6.34,6.46,1932100.0,6.46
2008-04-24,6.36,6.51,6.31,6.44,2236400.0,6.44
2008-04-23,6.32,6.43,6.3,6.33,2259900.0,6.33
2008-04-22,6.41,6.48,6.29,6.34,3012100.0,6.34
2008-04-21,6.52,6.56,6.32,6.41,3271200.0,6.41
2008-04-18,6.5,6.64,6.42,6.57,4206200.0,6.57
2008-04-17,6.37,6.46,6.3,6.34,3271200.0,6.34
2008-04-16,6.1,6.42,6.08,6.41,6817500.0,6.41
2008-04-15,5.99,6.06,5.86,6.06,4308600.0,6.06
2008-04-14,5.95,6.02,5.88,5.98,3460500.0,5.98
2008-04-11,6.0,6.04,5.96,5.97,2494800.0,5.97
2008-04-10,6.1,6.12,6.0,6.04,3310400.0,6.04
2008-04-09,6.18,6.25,6.03,6.08,3294600.0,6.08
2008-04-08,6.3,6.35,6.09,6.19,3688800.0,6.19
2008-04-07,6.37,6.4,6.27,6.33,3920200.0,6.33
2008-04-04,6.38,6.42,6.29,6.36,3198400.0,6.36
2008-04-03,6.33,6.43,6.25,6.41,2257900.0,6.41
2008-04-02,6.58,6.58,6.3,6.32,3826900.0,6.32
2008-04-01,6.27,6.57,6.27,6.56,4511400.0,6.56
2008-03-31,6.19,6.29,6.18,6.29,3381300.0,6.29
2008-03-28,6.19,6.32,6.17,6.21,3053000.0,6.21
2008-03-27,6.56,6.56,6.14,6.17,4301700.0,6.17
2008-03-26,6.54,6.58,6.3,6.53,4248900.0,6.53
2008-03-25,6.39,6.58,6.33,6.56,5719900.0,6.56
2008-03-24,6.15,6.39,6.14,6.37,3303600.0,6.37
2008-03-20,6.07,6.18,5.96,6.17,5164600.0,6.17
2008-03-19,6.27,6.29,6.02,6.02,4632600.0,6.02
2008-03-18,6.14,6.24,6.05,6.22,4428500.0,6.22
2008-03-17,6.16,6.16,5.93,6.01,4228300.0,6.01
2008-03-14,6.14,6.17,6.0,6.07,3618700.0,6.07
2008-03-13,5.95,6.27,5.92,6.16,4893900.0,6.16
2008-03-12,6.3,6.32,6.09,6.09,5012100.0,6.09
2008-03-11,6.28,6.36,6.15,6.22,5213300.0,6.22
2008-03-10,6.22,6.31,6.12,6.18,5298400.0,6.18
2008-03-07,6.23,6.28,6.12,6.19,4209200.0,6.19
2008-03-06,6.47,6.51,6.23,6.28,7240300.0,6.28
2008-03-05,6.46,6.6,6.4,6.51,7720400.0,6.51
2008-03-04,6.75,7.03,6.36,6.42,15995200.0,6.42
2008-03-03,7.45,7.46,7.03,7.12,7829500.0,7.12
2008-02-29,6.83,7.59,6.76,7.45,16287500.0,7.45
2008-02-28,6.75,6.79,6.53,6.54,3401500.0,6.54
2008-02-27,6.69,6.85,6.66,6.78,2860000.0,6.78
2008-02-26,6.67,6.76,6.61,6.69,2997800.0,6.69
2008-02-25,6.55,6.72,6.49,6.72,4041700.0,6.72
2008-02-22,6.6,6.63,6.43,6.57,3538600.0,6.57
2008-02-21,6.7,6.73,6.57,6.59,2227800.0,6.59
2008-02-20,6.57,6.67,6.53,6.65,2909400.0,6.65
2008-02-19,6.62,6.67,6.54,6.57,1463700.0,6.57
2008-02-15,6.64,6.67,6.55,6.63,1603600.0,6.63
2008-02-14,6.83,6.85,6.63,6.63,2282900.0,6.63
2008-02-13,6.7,6.95,6.65,6.85,4570000.0,6.85
2008-02-12,6.59,6.73,6.54,6.64,2738890.0,6.64
2008-02-11,6.6,6.61,6.44,6.54,2342400.0,6.54
2008-02-08,6.53,6.58,6.47,6.55,2234500.0,6.55
2008-02-07,6.66,6.67,6.43,6.51,5639700.0,6.51
2008-02-06,6.75,6.84,6.66,6.68,4157900.0,6.68
2008-02-05,6.61,6.79,6.55,6.67,5888400.0,6.67
2008-02-04,6.46,6.69,6.46,6.66,4133900.0,6.66
2008-02-01,6.34,6.58,6.3,6.53,3515100.0,6.53
2008-01-31,6.28,6.39,6.19,6.36,4622200.0,6.36
2008-01-30,6.34,6.39,6.28,6.34,5572600.0,6.34
2008-01-29,6.3,6.38,6.21,6.36,9881220.0,6.36
2008-01-28,6.12,6.17,5.96,6.03,7905300.0,6.03
2008-01-25,6.39,6.4,6.14,6.18,3567700.0,6.18
2008-01-24,6.24,6.39,6.24,6.34,3545600.0,6.34
2008-01-23,6.14,6.31,6.02,6.29,3863500.0,6.29
2008-01-22,6.15,6.44,6.14,6.31,5443700.0,6.31
2008-01-18,6.15,6.42,6.14,6.4,5437600.0,6.4
2008-01-17,6.32,6.35,6.13,6.13,5497600.0,6.13
2008-01-16,6.23,6.46,6.21,6.34,4258800.0,6.34
2008-01-15,6.34,6.37,6.23,6.27,4641600.0,6.27
2008-01-14,6.39,6.42,6.31,6.37,3370700.0,6.37
2008-01-11,6.45,6.48,6.37,6.38,2637802.0,6.38
2008-01-10,6.43,6.57,6.36,6.52,4163700.0,6.52
2008-01-09,6.38,6.51,6.31,6.45,3631900.0,6.45
2008-01-08,6.51,6.56,6.35,6.36,5630600.0,6.36
2008-01-07,6.5,6.55,6.35,6.46,3875400.0,6.46
2008-01-04,6.54,6.54,6.41,6.46,5050100.0,6.46
2008-01-03,6.65,6.67,6.43,6.58,5593100.0,6.58
2008-01-02,6.82,6.85,6.6,6.68,2974700.0,6.68
2007-12-31,6.91,6.94,6.77,6.87,2072900.0,6.87
2007-12-28,6.96,6.96,6.86,6.95,2290800.0,6.95
2007-12-27,6.98,6.99,6.89,6.89,1817300.0,6.89
2007-12-26,6.9,7.01,6.87,6.99,1855100.0,6.99
2007-12-24,6.98,7.0,6.93,6.95,903000.0,6.95
2007-12-21,6.92,7.0,6.88,6.98,3888700.0,6.98
2007-12-20,6.83,6.9,6.77,6.87,2675200.0,6.87
2007-12-19,6.86,6.9,6.71,6.77,3866500.0,6.77
2007-12-18,6.73,6.9,6.73,6.85,6059300.0,6.85
2007-12-17,7.13,7.13,6.54,6.71,7205500.0,6.71
2007-12-14,6.6,7.18,6.59,7.13,9914800.0,7.13
2007-12-13,7.04,7.13,6.97,7.1,3329500.0,7.1
2007-12-12,7.12,7.14,6.88,7.11,4921800.0,7.11
2007-12-11,7.11,7.17,6.91,7.0,4266600.0,7.0
2007-12-10,7.05,7.18,7.05,7.11,3043000.0,7.11
2007-12-07,7.05,7.15,6.99,7.05,3136600.0,7.05
2007-12-06,6.93,7.05,6.86,7.02,3579800.0,7.02
2007-12-05,6.36,7.02,6.35,6.94,9251700.0,6.94
2007-12-04,6.89,7.09,6.79,7.04,7046200.0,7.04
2007-12-03,6.95,6.99,6.88,6.92,4244200.0,6.92
2007-11-30,7.1,7.12,6.96,7.02,6020900.0,7.02
2007-11-29,6.93,7.1,6.82,7.07,6260300.0,7.07
2007-11-28,6.7,7.01,6.66,6.98,6537300.0,6.98
2007-11-27,6.47,6.73,6.42,6.7,6237600.0,6.7
2007-11-26,6.57,6.65,6.43,6.45,5104200.0,6.45
2007-11-23,6.39,6.59,6.39,6.58,2149500.0,6.58
2007-11-21,6.17,6.54,6.15,6.46,7623900.0,6.46
2007-11-20,6.45,6.6,6.28,6.36,7527100.0,6.36
2007-11-19,6.31,6.46,6.29,6.43,4646100.0,6.43
2007-11-16,6.65,6.71,6.31,6.38,14310100.0,6.38
2007-11-15,6.86,6.92,6.61,6.64,6924200.0,6.64
2007-11-14,7.1,7.16,6.85,6.89,5055500.0,6.89
2007-11-13,7.01,7.12,7.01,7.12,3159325.0,7.12
2007-11-12,6.93,7.14,6.91,6.97,3977900.0,6.97
2007-11-09,6.88,6.96,6.8,6.82,2197600.0,6.82
2007-11-08,7.04,7.09,6.84,7.01,4252000.0,7.01
2007-11-07,7.16,7.25,7.08,7.09,4731900.0,7.09
2007-11-06,7.33,7.41,7.18,7.3,4005300.0,7.3
2007-11-05,7.33,7.43,7.27,7.36,3732000.0,7.36
2007-11-02,7.35,7.47,7.33,7.43,3317200.0,7.43
2007-11-01,7.47,7.59,7.33,7.33,4437300.0,7.33
2007-10-31,7.44,7.59,7.41,7.56,4306400.0,7.56
2007-10-30,7.32,7.47,7.32,7.43,4508600.0,7.43
2007-10-29,7.49,7.56,7.38,7.41,3819900.0,7.41
2007-10-26,7.57,7.58,7.32,7.5,2823500.0,7.5
2007-10-25,7.55,7.58,7.35,7.51,3052900.0,7.51
2007-10-24,7.56,7.58,7.36,7.53,3439100.0,7.53
2007-10-23,7.65,7.66,7.51,7.62,3600800.0,7.62
2007-10-22,7.51,7.7,7.5,7.65,2920000.0,7.65
2007-10-19,7.79,7.82,7.58,7.6,2492200.0,7.6
2007-10-18,7.81,7.85,7.75,7.82,3695200.0,7.82
2007-10-17,7.85,7.94,7.76,7.85,6448000.0,7.85
2007-10-16,7.9,7.92,7.8,7.86,3864800.0,7.86
2007-10-15,7.85,7.93,7.75,7.88,3198600.0,7.88
2007-10-12,7.86,8.01,7.83,7.89,2224300.0,7.89
2007-10-11,8.06,8.09,7.8,7.86,2443000.0,7.86
2007-10-10,7.9,8.1,7.87,8.06,5996800.0,8.06
2007-10-09,7.78,7.93,7.76,7.93,3827300.0,7.93
2007-10-08,7.67,7.81,7.63,7.79,1802217.0,7.79
2007-10-05,7.7,7.74,7.6,7.66,1676900.0,7.66
2007-10-04,7.61,7.68,7.51,7.67,2451700.0,7.67
2007-10-03,7.71,7.72,7.53,7.57,3408500.0,7.57
2007-10-02,7.63,7.72,7.52,7.72,2682300.0,7.72
2007-10-01,7.67,7.69,7.55,7.65,3258600.0,7.65
2007-09-28,7.6,7.7,7.52,7.64,4815500.0,7.64
2007-09-27,7.68,7.7,7.52,7.6,2452600.0,7.6
2007-09-26,7.63,7.74,7.62,7.68,2460000.0,7.68
2007-09-25,7.5,7.63,7.48,7.59,2982200.0,7.59
2007-09-24,7.7,7.74,7.48,7.54,5215100.0,7.54
2007-09-21,7.68,7.74,7.6,7.69,4942900.0,7.69
2007-09-20,7.51,7.63,7.46,7.6,4659800.0,7.6
2007-09-19,7.48,7.51,7.38,7.51,5289300.0,7.51
2007-09-18,7.34,7.48,7.28,7.48,2745200.0,7.48
2007-09-17,7.31,7.41,7.25,7.3,4369700.0,7.3
2007-09-14,7.3,7.48,7.28,7.36,3353200.0,7.36
2007-09-13,7.32,7.35,7.24,7.28,2467700.0,7.28
2007-09-12,7.13,7.39,7.12,7.26,5184100.0,7.26
2007-09-11,7.03,7.13,7.01,7.13,2788000.0,7.13
2007-09-10,7.21,7.21,6.96,6.98,3992500.0,6.98
2007-09-07,7.41,7.41,7.16,7.17,2959400.0,7.17
2007-09-06,7.34,7.41,7.27,7.4,2930700.0,7.4
2007-09-05,7.4,7.43,7.27,7.31,6886100.0,7.31
2007-09-04,7.39,7.5,7.3,7.47,4762200.0,7.47
2007-08-31,7.33,7.48,7.33,7.44,4462200.0,7.44
2007-08-30,6.92,7.38,6.81,7.33,11687700.0,7.33
2007-08-29,6.76,6.8,6.59,6.79,5220900.0,6.79
2007-08-28,6.87,6.88,6.65,6.65,3514100.0,6.65
2007-08-27,6.9,6.98,6.86,6.9,4307000.0,6.9
2007-08-24,6.84,6.97,6.78,6.93,2331000.0,6.93
2007-08-23,6.95,6.96,6.76,6.84,4486100.0,6.84
2007-08-22,6.82,6.95,6.74,6.89,5576700.0,6.89
2007-08-21,6.68,6.84,6.62,6.75,4277100.0,6.75
2007-08-20,6.71,6.84,6.62,6.73,4430100.0,6.73
2007-08-17,6.52,6.66,6.27,6.63,5636900.0,6.63
2007-08-16,6.33,6.42,6.28,6.31,6667100.0,6.31
2007-08-15,6.51,6.56,6.36,6.39,5464800.0,6.39
2007-08-14,6.65,6.82,6.51,6.52,3390900.0,6.52
2007-08-13,6.5,6.85,6.5,6.6,7518000.0,6.6
2007-08-10,6.01,6.55,5.76,6.42,11198900.0,6.42
2007-08-09,6.45,6.54,6.07,6.09,12388900.0,6.09
2007-08-08,6.41,6.55,6.39,6.49,9062100.0,6.49
2007-08-07,6.53,6.56,6.34,6.43,6639600.0,6.43
2007-08-06,6.69,6.72,6.45,6.51,7210400.0,6.51
2007-08-03,6.77,6.82,6.67,6.67,3705300.0,6.67
2007-08-02,6.7,6.95,6.69,6.85,6106800.0,6.85
2007-08-01,6.72,6.76,6.55,6.63,5383300.0,6.63
2007-07-31,6.99,7.0,6.68,6.71,7902200.0,6.71
2007-07-30,7.13,7.13,6.87,6.92,5425400.0,6.92
2007-07-27,7.29,7.3,7.11,7.12,4738400.0,7.12
2007-07-26,7.44,7.46,7.28,7.37,4598600.0,7.37
2007-07-25,7.44,7.52,7.36,7.48,5806500.0,7.48
2007-07-24,7.45,7.49,7.33,7.33,3541300.0,7.33
2007-07-23,7.47,7.55,7.44,7.51,2763000.0,7.51
2007-07-20,7.57,7.6,7.38,7.43,4366600.0,7.43
2007-07-19,7.45,7.61,7.45,7.57,2548300.0,7.57
2007-07-18,7.4,7.49,7.34,7.48,6008700.0,7.48
2007-07-17,7.53,7.55,7.4,7.42,6180500.0,7.42
2007-07-16,7.5,7.59,7.44,7.55,7330200.0,7.55
2007-07-13,7.55,7.6,7.5,7.51,2803900.0,7.51
2007-07-12,7.49,7.62,7.49,7.58,5021800.0,7.58
2007-07-11,7.47,7.55,7.46,7.5,2517700.0,7.5
2007-07-10,7.63,7.69,7.46,7.49,5860400.0,7.49
2007-07-09,7.71,7.74,7.57,7.59,3249500.0,7.59
2007-07-06,7.82,7.85,7.67,7.71,3545700.0,7.71
2007-07-05,7.75,7.85,7.67,7.84,2627900.0,7.84
2007-07-03,7.92,7.92,7.76,7.77,911700.0,7.77
2007-07-02,7.8,7.91,7.79,7.87,2393200.0,7.87
2007-06-29,7.86,7.92,7.77,7.79,3653400.0,7.79
2007-06-28,7.74,7.95,7.73,7.85,4656900.0,7.85
2007-06-27,7.58,7.86,7.57,7.78,4269900.0,7.78
2007-06-26,7.78,7.79,7.64,7.68,5665400.0,7.68
2007-06-25,7.85,7.97,7.7,7.71,4240000.0,7.71
2007-06-22,7.95,8.03,7.81,7.88,4137400.0,7.88
2007-06-21,7.88,8.01,7.86,7.99,4823400.0,7.99
2007-06-20,7.97,8.04,7.9,7.91,3595200.0,7.91
2007-06-19,7.96,8.02,7.86,7.98,5582600.0,7.98
2007-06-18,7.98,8.03,7.95,7.98,5748100.0,7.98
2007-06-15,8.06,8.12,7.91,7.94,5884300.0,7.94
2007-06-14,8.11,8.13,7.96,8.02,5403000.0,8.02
2007-06-13,7.98,8.12,7.96,8.12,5512200.0,8.12
2007-06-12,8.06,8.06,7.96,7.98,4168733.0,7.98
2007-06-11,8.0,8.26,7.99,8.17,5734200.0,8.17
2007-06-08,7.95,8.06,7.88,8.06,4405743.0,8.06
2007-06-07,8.07,8.17,7.95,7.99,4416600.0,7.99
2007-06-06,8.12,8.25,8.1,8.14,6546300.0,8.14
2007-06-05,7.73,8.21,7.7,8.14,9005300.0,8.14
2007-06-04,7.9,8.0,7.8,7.85,8468800.0,7.85
2007-06-01,7.75,8.15,7.75,8.05,9594200.0,8.05
2007-05-31,7.47,7.88,7.45,7.82,14262100.0,7.82
2007-05-30,7.43,7.45,7.28,7.36,11761700.0,7.36
2007-05-29,7.56,7.6,7.42,7.46,7138500.0,7.46
2007-05-25,7.58,7.69,7.56,7.6,5103900.0,7.6
2007-05-24,7.74,7.74,7.48,7.58,5177200.0,7.58
2007-05-23,7.69,7.79,7.67,7.71,5038500.0,7.71
2007-05-22,7.7,7.73,7.57,7.7,4486200.0,7.7
2007-05-21,7.6,7.87,7.6,7.74,4541500.0,7.74
2007-05-18,7.7,7.76,7.61,7.66,3714600.0,7.66
2007-05-17,7.57,7.71,7.54,7.69,3527400.0,7.69
2007-05-16,7.64,7.75,7.55,7.62,6882100.0,7.62
2007-05-15,7.52,7.78,7.5,7.65,10889300.0,7.65
2007-05-14,7.28,7.58,7.28,7.54,8994600.0,7.54
2007-05-11,7.24,7.38,7.19,7.34,4143500.0,7.34
2007-05-10,7.16,7.24,7.15,7.18,3200200.0,7.18
2007-05-09,7.17,7.22,7.16,7.21,2576200.0,7.21
2007-05-08,7.26,7.28,7.17,7.22,3656200.0,7.22
2007-05-07,7.5,7.51,7.21,7.29,9169500.0,7.29
2007-05-04,7.09,7.27,7.06,7.25,4763700.0,7.25
2007-05-03,7.11,7.18,7.02,7.04,8252100.0,7.04
2007-05-02,7.2,7.3,7.11,7.16,3874900.0,7.16
2007-05-01,7.3,7.35,7.16,7.21,2839600.0,7.21
2007-04-30,7.31,7.36,7.29,7.3,5345200.0,7.3
2007-04-27,7.35,7.38,7.28,7.33,4368200.0,7.33
2007-04-26,7.18,7.34,7.16,7.32,4753700.0,7.32
2007-04-25,7.32,7.33,7.12,7.15,5640200.0,7.15
2007-04-24,7.43,7.43,7.24,7.26,3360900.0,7.26
2007-04-23,7.33,7.42,7.27,7.4,3578100.0,7.4
2007-04-20,7.45,7.45,7.31,7.33,3979200.0,7.33
2007-04-19,7.4,7.42,7.24,7.34,3652700.0,7.34
2007-04-18,7.48,7.5,7.34,7.4,2491200.0,7.4
2007-04-17,7.45,7.55,7.44,7.5,2255400.0,7.5
2007-04-16,7.4,7.51,7.38,7.49,4424600.0,7.49
2007-04-13,7.48,7.48,7.37,7.4,3350900.0,7.4
2007-04-12,7.42,7.5,7.4,7.46,2935600.0,7.46
2007-04-11,7.46,7.47,7.34,7.42,3989200.0,7.42
2007-04-10,7.42,7.54,7.39,7.48,6353100.0,7.48
2007-04-09,7.37,7.49,7.32,7.45,2843700.0,7.45
2007-04-05,7.37,7.45,7.33,7.38,2880600.0,7.38
2007-04-04,7.31,7.41,7.25,7.39,4108800.0,7.39
2007-04-03,7.34,7.36,7.25,7.31,7492600.0,7.31
2007-04-02,7.25,7.63,7.21,7.47,13240500.0,7.47
2007-03-30,7.27,7.29,7.14,7.22,4481900.0,7.22
2007-03-29,7.24,7.42,7.2,7.29,6559800.0,7.29
2007-03-28,7.07,7.21,7.03,7.18,3481700.0,7.18
2007-03-27,7.13,7.18,7.06,7.06,2904600.0,7.06
2007-03-26,7.17,7.17,7.01,7.15,1926000.0,7.15
2007-03-23,7.13,7.22,7.11,7.16,2333000.0,7.16
2007-03-22,7.15,7.19,7.07,7.17,3201100.0,7.17
2007-03-21,7.18,7.19,7.07,7.19,2893600.0,7.19
2007-03-20,7.02,7.22,6.95,7.17,5382700.0,7.17
2007-03-19,6.98,7.04,6.97,7.0,3612500.0,7.0
2007-03-16,6.95,7.07,6.92,7.01,3887400.0,7.01
2007-03-15,6.86,7.1,6.86,6.98,4015900.0,6.98
2007-03-14,6.8,6.99,6.74,6.94,9351300.0,6.94
2007-03-13,6.77,6.87,6.65,6.81,8826400.0,6.81
2007-03-12,6.44,6.91,6.4,6.79,9956300.0,6.79
2007-03-09,6.61,6.65,6.38,6.43,6465900.0,6.43
2007-03-08,6.56,6.69,6.53,6.58,8934100.0,6.58
2007-03-07,6.54,6.61,6.46,6.46,5015800.0,6.46
2007-03-06,6.39,6.52,6.32,6.51,5000500.0,6.51
2007-03-05,6.3,6.45,6.24,6.31,5037300.0,6.31
2007-03-02,6.36,6.56,6.26,6.45,14053400.0,6.45
2007-03-01,6.46,6.74,6.26,6.71,6966900.0,6.71
2007-02-28,6.55,6.67,6.41,6.62,5666700.0,6.62
2007-02-27,6.73,6.76,6.47,6.52,12569400.0,6.52
2007-02-26,6.89,6.95,6.18,6.78,3783200.0,6.78
2007-02-23,6.85,6.95,6.82,6.9,5395800.0,6.9
2007-02-22,7.0,7.0,6.85,6.9,7250600.0,6.9
2007-02-21,7.08,7.11,6.97,7.0,3792100.0,7.0
2007-02-20,7.0,7.09,6.95,7.06,4371100.0,7.06
2007-02-16,6.96,7.0,6.82,7.0,7348200.0,7.0
2007-02-15,7.04,7.08,6.93,7.01,6304500.0,7.01
2007-02-14,7.1,7.12,7.01,7.07,6720300.0,7.07
2007-02-13,7.1,7.2,7.04,7.09,3129500.0,7.09
2007-02-12,7.05,7.16,7.01,7.1,3876400.0,7.1
2007-02-09,7.16,7.24,7.01,7.04,3797400.0,7.04
2007-02-08,7.09,7.2,7.07,7.15,3624700.0,7.15
2007-02-07,7.14,7.2,7.11,7.13,3444300.0,7.13
2007-02-06,7.03,7.14,7.01,7.13,4148800.0,7.13
2007-02-05,7.02,7.24,7.02,7.05,5783300.0,7.05
2007-02-02,7.19,7.32,7.12,7.16,7340800.0,7.16
2007-02-01,7.24,7.3,7.08,7.18,5757200.0,7.18
2007-01-31,7.15,7.35,7.07,7.25,7967900.0,7.25
2007-01-30,7.12,7.17,7.12,7.16,5140700.0,7.16
2007-01-29,7.09,7.14,7.03,7.13,4736800.0,7.13
2007-01-26,6.97,7.11,6.89,7.07,5863300.0,7.07
2007-01-25,7.09,7.09,6.96,6.99,3352400.0,6.99
2007-01-24,7.03,7.23,6.96,7.02,8510000.0,7.02
2007-01-23,6.92,7.09,6.89,7.0,15460500.0,7.0
2007-01-22,6.87,6.87,6.73,6.81,5478200.0,6.81
2007-01-19,6.65,6.73,6.62,6.69,3712100.0,6.69
2007-01-18,6.82,6.82,6.7,6.72,4751600.0,6.72
2007-01-17,6.81,6.87,6.73,6.8,6131000.0,6.8
2007-01-16,6.72,6.74,6.61,6.66,4116800.0,6.66
2007-01-12,6.6,6.73,6.56,6.69,5265100.0,6.69
2007-01-11,6.57,6.63,6.51,6.62,6167600.0,6.62
2007-01-10,6.6,6.62,6.49,6.59,4131300.0,6.59
2007-01-09,6.51,6.7,6.4,6.64,12815400.0,6.64
2007-01-08,6.32,6.4,6.24,6.33,3541500.0,6.33
2007-01-05,6.35,6.41,6.31,6.37,3018800.0,6.37
2007-01-04,6.2,6.46,6.12,6.4,6591300.0,6.4
2007-01-03,6.2,6.29,6.05,6.17,5073100.0,6.17
2006-12-29,6.26,6.34,6.18,6.2,4165400.0,6.2
2006-12-28,6.29,6.35,6.25,6.32,3067100.0,6.32
2006-12-27,6.25,6.34,6.25,6.32,9882100.0,6.32
2006-12-26,6.14,6.28,6.12,6.25,3285500.0,6.25
2006-12-22,6.09,6.18,6.08,6.14,4764400.0,6.14
2006-12-21,6.1,6.13,6.05,6.1,5179200.0,6.1
2006-12-20,6.1,6.16,6.01,6.12,5215800.0,6.12
2006-12-19,6.07,6.17,6.04,6.12,8073100.0,6.12
2006-12-18,6.18,6.2,6.12,6.15,6672000.0,6.15
2006-12-15,6.2,6.21,6.08,6.2,6246500.0,6.2
2006-12-14,6.02,6.22,6.01,6.17,3935900.0,6.17
2006-12-13,6.02,6.11,5.97,6.02,6432400.0,6.02
2006-12-12,6.08,6.1,5.98,6.0,4869900.0,6.0
2006-12-11,6.03,6.14,6.02,6.08,2723700.0,6.08
2006-12-08,5.9,6.14,5.89,6.07,8994700.0,6.07
2006-12-07,6.02,6.05,5.89,5.92,11956700.0,5.92
2006-12-06,5.88,6.04,5.7,5.99,23800500.0,5.99
2006-12-05,6.32,6.35,6.23,6.33,9648000.0,6.33
2006-12-04,6.32,6.33,6.27,6.3,5205000.0,6.3
2006-12-01,6.36,6.36,6.25,6.29,3537900.0,6.29
2006-11-30,6.26,6.31,6.25,6.28,5989000.0,6.28
2006-11-29,6.2,6.31,6.2,6.27,7744000.0,6.27
2006-11-28,6.19,6.21,6.11,6.2,6199000.0,6.2
2006-11-27,6.27,6.28,6.18,6.2,5542200.0,6.2
2006-11-24,6.28,6.33,6.25,6.28,1467400.0,6.28
2006-11-22,6.3,6.38,6.29,6.36,7479300.0,6.36
2006-11-21,6.22,6.32,6.21,6.29,4886300.0,6.29
2006-11-20,6.22,6.31,6.17,6.22,4932200.0,6.22
2006-11-17,6.37,6.4,6.26,6.3,7315800.0,6.3
2006-11-16,6.71,6.71,6.34,6.39,9732600.0,6.39
2006-11-15,6.66,6.71,6.62,6.66,4671100.0,6.66
2006-11-14,6.75,6.77,6.61,6.67,3326000.0,6.67
2006-11-13,6.75,6.77,6.64,6.71,4018900.0,6.71
2006-11-10,6.74,6.75,6.59,6.66,6976900.0,6.66
2006-11-09,6.81,6.83,6.67,6.67,4259900.0,6.67
2006-11-08,6.88,7.07,6.69,6.74,17373100.0,6.74
2006-11-07,6.59,6.61,6.46,6.5,6656100.0,6.5
2006-11-06,6.78,6.79,6.58,6.62,7818000.0,6.62
2006-11-03,6.68,6.99,6.59,6.64,18819300.0,6.64
2006-11-02,5.89,7.19,5.8,6.79,47586400.0,6.79
2006-11-01,6.01,6.05,5.85,5.87,2131600.0,5.87
2006-10-31,6.07,6.1,6.0,6.0,2667700.0,6.0
2006-10-30,5.91,6.06,5.9,6.03,1746900.0,6.03
2006-10-27,5.97,5.99,5.9,5.91,3150300.0,5.91
2006-10-26,6.0,6.04,5.75,5.94,12521100.0,5.94
2006-10-25,6.05,6.15,6.02,6.1,3676300.0,6.1
2006-10-24,6.07,6.15,6.02,6.04,3758600.0,6.04
2006-10-23,6.04,6.17,6.02,6.05,2707200.0,6.05
2006-10-20,6.1,6.13,6.02,6.05,1773600.0,6.05
2006-10-19,6.1,6.15,6.06,6.1,2666000.0,6.1
2006-10-18,6.2,6.22,6.1,6.11,2692400.0,6.11
2006-10-17,6.18,6.2,6.11,6.18,4768400.0,6.18
2006-10-16,6.14,6.19,6.12,6.19,3873100.0,6.19
2006-10-13,6.15,6.22,6.07,6.17,8882000.0,6.17
2006-10-12,6.11,6.22,6.11,6.18,3576500.0,6.18
2006-10-11,6.11,6.21,6.11,6.14,4491200.0,6.14
2006-10-10,6.15,6.18,6.1,6.16,3957900.0,6.16
2006-10-09,6.1,6.15,6.08,6.14,2577100.0,6.14
2006-10-06,6.11,6.15,6.07,6.09,2711800.0,6.09
2006-10-05,6.05,6.13,6.01,6.1,5398200.0,6.1
2006-10-04,5.93,6.05,5.9,6.04,9091500.0,6.04
2006-10-03,5.89,6.01,5.86,5.94,14441300.0,5.94
2006-10-02,6.08,6.12,5.92,5.98,4379800.0,5.98
2006-09-29,6.08,6.17,6.07,6.1,5064900.0,6.1
2006-09-28,6.14,6.17,6.08,6.13,4711900.0,6.13
2006-09-27,6.23,6.25,6.04,6.1,8936100.0,6.1
2006-09-26,6.3,6.31,6.24,6.26,1899900.0,6.26
2006-09-25,6.26,6.33,6.22,6.28,2891700.0,6.28
2006-09-22,6.3,6.3,6.2,6.23,2432100.0,6.23
2006-09-21,6.23,6.4,6.18,6.29,5472400.0,6.29
2006-09-20,6.33,6.42,6.33,6.38,4317000.0,6.38
2006-09-19,6.29,6.35,6.25,6.32,2077800.0,6.32
2006-09-18,6.28,6.34,6.21,6.32,3252000.0,6.32
2006-09-15,6.42,6.44,6.34,6.34,3076800.0,6.34
2006-09-14,6.43,6.48,6.39,6.41,3236900.0,6.41
2006-09-13,6.47,6.55,6.41,6.46,4772700.0,6.46
2006-09-12,6.53,6.67,6.49,6.5,6436400.0,6.5
2006-09-11,6.4,6.55,6.33,6.52,4514200.0,6.52
2006-09-08,6.5,6.58,6.37,6.42,4524000.0,6.42
2006-09-07,6.56,6.61,6.48,6.51,2851800.0,6.51
2006-09-06,6.7,6.71,6.56,6.59,3028700.0,6.59
2006-09-05,6.69,6.76,6.67,6.74,3456400.0,6.74
2006-09-01,6.68,6.79,6.65,6.69,3185900.0,6.69
2006-08-31,6.68,6.75,6.59,6.68,3941400.0,6.68
2006-08-30,6.6,6.77,6.47,6.64,13482200.0,6.64
2006-08-29,6.82,6.85,6.71,6.78,7054600.0,6.78
2006-08-28,6.8,6.85,6.69,6.8,3023900.0,6.8
2006-08-25,6.75,6.87,6.72,6.82,2792400.0,6.82
2006-08-24,6.8,6.86,6.68,6.78,1982100.0,6.78
2006-08-23,6.83,6.85,6.75,6.79,1115600.0,6.79
2006-08-22,6.77,6.86,6.77,6.83,2183300.0,6.83
2006-08-21,6.89,6.9,6.76,6.86,3118800.0,6.86
2006-08-18,6.89,6.91,6.73,6.89,3069200.0,6.89
2006-08-17,6.85,6.98,6.74,6.88,5832200.0,6.88
2006-08-16,6.7,6.81,6.63,6.79,2816700.0,6.79
2006-08-15,6.64,6.76,6.48,6.68,3764500.0,6.68
2006-08-14,6.53,6.76,6.5,6.63,3818500.0,6.63
2006-08-11,6.26,6.58,6.26,6.46,4911900.0,6.46
2006-08-10,6.35,6.4,6.3,6.3,2735000.0,6.3
2006-08-09,6.41,6.5,6.37,6.38,2748500.0,6.38
2006-08-08,6.4,6.44,6.36,6.37,3363600.0,6.37
2006-08-07,6.25,6.38,6.18,6.38,3359100.0,6.38
2006-08-04,6.3,6.4,6.21,6.26,2585200.0,6.26
2006-08-03,6.26,6.33,6.22,6.27,3056700.0,6.27
2006-08-02,6.35,6.44,6.26,6.28,7543200.0,6.28
2006-08-01,6.44,6.44,6.31,6.35,2171300.0,6.35
2006-07-31,6.35,6.57,6.32,6.49,3386900.0,6.49
2006-07-28,6.39,6.44,6.32,6.36,2439700.0,6.36
2006-07-27,6.54,6.54,6.27,6.35,4135900.0,6.35
2006-07-26,6.12,6.53,6.12,6.47,5032400.0,6.47
2006-07-25,6.09,6.23,6.06,6.16,3075300.0,6.16
2006-07-24,6.19,6.19,6.05,6.07,3058400.0,6.07
2006-07-21,6.19,6.25,6.11,6.17,4281400.0,6.17
2006-07-20,6.24,6.31,6.17,6.18,1889700.0,6.18
2006-07-19,6.1,6.3,6.09,6.25,2950400.0,6.25
2006-07-18,6.13,6.19,6.0,6.09,4045400.0,6.09
2006-07-17,6.09,6.2,6.03,6.13,2483100.0,6.13
2006-07-14,6.15,6.2,6.0,6.08,3334300.0,6.08
2006-07-13,6.16,6.33,6.05,6.15,3360300.0,6.15
2006-07-12,6.2,6.24,6.13,6.14,3046100.0,6.14
2006-07-11,6.23,6.24,6.15,6.18,3079300.0,6.18
2006-07-10,6.41,6.46,6.21,6.29,3095600.0,6.29
2006-07-07,6.49,6.5,6.4,6.43,1516300.0,6.43
2006-07-06,6.43,6.51,6.41,6.49,2645400.0,6.49
2006-07-05,6.62,6.64,6.44,6.48,3775700.0,6.48
2006-07-03,6.66,6.76,6.62,6.74,989700.0,6.74
2006-06-30,6.63,6.74,6.6,6.63,4413500.0,6.63
2006-06-29,6.48,6.67,6.41,6.64,4391700.0,6.64
2006-06-28,6.61,6.61,6.38,6.44,4082800.0,6.44
2006-06-27,6.75,6.75,6.51,6.61,5388700.0,6.61
2006-06-26,6.63,6.75,6.62,6.74,4219000.0,6.74
2006-06-23,6.51,6.7,6.47,6.66,5589400.0,6.66
2006-06-22,6.46,6.84,6.35,6.55,27919500.0,6.55
2006-06-21,5.84,6.12,5.83,6.0,5476700.0,6.0
2006-06-20,5.89,5.97,5.8,5.84,3096200.0,5.84
2006-06-19,5.92,5.97,5.83,5.89,2990900.0,5.89
2006-06-16,5.84,5.94,5.8,5.89,10229300.0,5.89
2006-06-15,5.82,5.86,5.79,5.84,8660900.0,5.84
2006-06-14,5.85,5.92,5.77,5.85,4168700.0,5.85
2006-06-13,5.91,5.95,5.81,5.88,5835900.0,5.88
2006-06-12,6.15,6.17,5.9,5.96,6404100.0,5.96
2006-06-09,6.07,6.33,6.01,6.1,8342000.0,6.1
2006-06-08,5.85,6.06,5.73,6.04,12882800.0,6.04
2006-06-07,6.02,6.22,5.92,5.93,8693700.0,5.93
2006-06-06,6.0,6.15,5.91,6.0,12045500.0,6.0
2006-06-05,6.29,6.3,6.14,6.21,9229400.0,6.21
2006-06-02,6.61,6.61,6.21,6.25,18178800.0,6.25
2006-06-01,7.03,7.03,6.13,6.6,38087000.0,6.6
2006-05-31,7.68,7.75,7.53,7.73,5751500.0,7.73
2006-05-30,7.78,7.96,7.62,7.67,2794200.0,7.67
2006-05-26,7.79,7.84,7.7,7.82,1937900.0,7.82
2006-05-25,7.77,7.88,7.76,7.78,2955700.0,7.78
2006-05-24,7.88,7.99,7.61,7.75,4919400.0,7.75
2006-05-23,7.95,8.0,7.84,7.86,2659600.0,7.86
2006-05-22,7.98,8.14,7.77,7.87,4122700.0,7.87
2006-05-19,7.93,8.08,7.83,8.01,5658200.0,8.01
2006-05-18,7.8,8.11,7.8,7.99,6787800.0,7.99
2006-05-17,7.91,8.02,7.79,7.84,5529000.0,7.84
2006-05-16,8.03,8.11,7.95,7.99,4622200.0,7.99
2006-05-15,7.98,7.98,7.88,7.98,5141500.0,7.98
2006-05-12,7.95,8.1,7.91,8.0,3873200.0,8.0
2006-05-11,7.96,8.07,7.94,8.02,6013000.0,8.02
2006-05-10,8.17,8.19,8.01,8.1,4903100.0,8.1
2006-05-09,8.25,8.38,8.17,8.19,4063300.0,8.19
2006-05-08,8.29,8.35,8.22,8.25,3630900.0,8.25
2006-05-05,8.29,8.39,8.17,8.29,5257000.0,8.29
2006-05-04,8.14,8.34,8.12,8.25,4263500.0,8.25
2006-05-03,8.36,8.37,8.06,8.16,5863200.0,8.16
2006-05-02,8.4,8.46,8.33,8.37,4215100.0,8.37
2006-05-01,8.24,8.56,8.2,8.35,6689500.0,8.35
2006-04-28,8.44,8.44,8.15,8.22,7299200.0,8.22
2006-04-27,8.2,8.54,8.2,8.42,11534100.0,8.42
2006-04-26,7.9,8.29,7.88,8.13,11490400.0,8.13
2006-04-25,7.66,7.91,7.65,7.86,7682500.0,7.86
2006-04-24,7.55,7.72,7.5,7.68,7657500.0,7.68
2006-04-21,7.68,7.71,7.56,7.58,6367800.0,7.58
2006-04-20,7.66,7.75,7.6,7.68,5936500.0,7.68
2006-04-19,7.63,7.81,7.6,7.69,6542500.0,7.69
2006-04-18,7.59,7.8,7.59,7.75,7678900.0,7.75
2006-04-17,7.69,7.83,7.63,7.68,7281400.0,7.68
2006-04-13,7.49,7.58,7.41,7.51,4218600.0,7.51
2006-04-12,7.47,7.54,7.42,7.47,5405600.0,7.47
2006-04-11,7.62,7.65,7.43,7.5,10211200.0,7.5
2006-04-10,7.48,7.64,7.48,7.6,6063400.0,7.6
2006-04-07,7.63,7.64,7.43,7.46,14603800.0,7.46
2006-04-06,7.49,7.65,7.48,7.64,6958700.0,7.64
2006-04-05,7.55,7.61,7.5,7.54,9418500.0,7.54
2006-04-04,7.66,7.73,7.45,7.5,11685300.0,7.5
2006-04-03,7.7,7.74,7.61,7.66,10761000.0,7.66
2006-03-31,7.77,7.81,7.61,7.68,8997000.0,7.68
2006-03-30,7.63,7.74,7.59,7.7,6850000.0,7.7
2006-03-29,7.61,7.7,7.58,7.68,7642600.0,7.68
2006-03-28,7.61,7.7,7.58,7.65,7040000.0,7.65
2006-03-27,7.58,7.69,7.5,7.6,7187800.0,7.6
2006-03-24,7.65,7.72,7.46,7.61,6258900.0,7.61
2006-03-23,7.59,7.7,7.55,7.64,7114500.0,7.64
2006-03-22,7.56,7.67,7.41,7.61,12716000.0,7.61
2006-03-21,7.49,7.63,7.4,7.45,10892700.0,7.45
2006-03-20,7.27,7.45,7.25,7.43,10863200.0,7.43
2006-03-17,7.34,7.38,7.25,7.27,10507900.0,7.27
2006-03-16,7.23,7.44,7.2,7.27,13632800.0,7.27
2006-03-15,7.01,7.24,7.0,7.2,8016600.0,7.2
2006-03-14,7.12,7.13,7.01,7.05,7311000.0,7.05
2006-03-13,7.25,7.26,7.08,7.14,6234700.0,7.14
2006-03-10,7.15,7.32,7.09,7.24,8347200.0,7.24
2006-03-09,7.45,7.53,7.0,7.02,13986300.0,7.02
2006-03-08,7.34,7.46,7.21,7.4,6712500.0,7.4
2006-03-07,7.65,7.65,7.34,7.42,11177100.0,7.42
2006-03-06,7.96,7.99,7.65,7.69,11750500.0,7.69
2006-03-03,8.64,8.64,7.83,7.9,36809000.0,7.9
2006-03-02,9.73,9.75,9.49,9.53,7842400.0,9.53
2006-03-01,9.5,9.79,9.49,9.76,4188600.0,9.76
2006-02-28,9.57,9.61,9.38,9.51,4011000.0,9.51
2006-02-27,9.65,9.83,9.64,9.64,3978700.0,9.64
2006-02-24,9.64,9.79,9.64,9.67,2778200.0,9.67
2006-02-23,9.38,9.75,9.37,9.73,7598500.0,9.73
2006-02-22,9.15,9.43,9.13,9.4,3572900.0,9.4
2006-02-21,9.35,9.48,9.18,9.21,2599100.0,9.21
2006-02-17,9.46,9.5,9.28,9.36,2642700.0,9.36
2006-02-16,9.27,9.51,9.25,9.5,9517500.0,9.5
2006-02-15,9.26,9.34,9.26,9.26,1605200.0,9.26
2006-02-14,9.08,9.37,9.08,9.3,7639100.0,9.3
2006-02-13,9.07,9.24,9.06,9.07,3842200.0,9.07
2006-02-10,9.17,9.28,9.11,9.19,4838500.0,9.19
2006-02-09,9.36,9.45,9.23,9.3,4902200.0,9.3
2006-02-08,9.49,9.5,9.12,9.43,3117800.0,9.43
2006-02-07,9.65,9.65,9.28,9.34,4969700.0,9.34
2006-02-06,9.45,9.67,9.45,9.63,2624700.0,9.63
2006-02-03,9.52,9.64,9.46,9.53,3499500.0,9.53
2006-02-02,9.63,9.66,9.54,9.55,3377600.0,9.55
2006-02-01,9.71,9.73,9.4,9.65,5401200.0,9.65
2006-01-31,9.62,9.81,9.57,9.74,6661600.0,9.74
2006-01-30,9.4,9.76,9.4,9.67,7990100.0,9.67
2006-01-27,9.3,9.52,9.28,9.47,9042300.0,9.47
2006-01-26,9.33,9.48,9.12,9.32,5756400.0,9.32
2006-01-25,9.25,9.46,9.11,9.34,8049300.0,9.34
2006-01-24,8.9,9.2,8.9,9.1,12059700.0,9.1
2006-01-23,8.76,9.01,8.74,8.91,5403600.0,8.91
2006-01-20,8.98,9.03,8.78,8.83,3944500.0,8.83
2006-01-19,8.78,9.02,8.76,8.99,5721400.0,8.99
2006-01-18,8.73,8.83,8.63,8.79,3101900.0,8.79
2006-01-17,8.85,8.9,8.81,8.86,2581700.0,8.86
2006-01-13,8.93,8.96,8.81,8.94,3134100.0,8.94
2006-01-12,8.83,8.99,8.79,8.95,5557400.0,8.95
2006-01-11,8.93,8.97,8.76,8.84,4819000.0,8.84
2006-01-10,8.89,8.96,8.8,8.91,5321000.0,8.91
2006-01-09,8.9,8.94,8.84,8.91,5150000.0,8.91
2006-01-06,8.96,9.0,8.84,8.9,11876700.0,8.9
2006-01-05,8.76,8.87,8.67,8.78,6934200.0,8.78
2006-01-04,8.82,8.82,8.55,8.8,9669800.0,8.8
2006-01-03,8.88,9.0,8.54,8.8,10750600.0,8.8
2005-12-30,8.8,8.84,8.56,8.83,3091740.0,8.83
2005-12-29,9.03,9.06,8.87,8.87,2437180.0,8.87
2005-12-28,9.08,9.12,9.02,9.05,2340280.0,9.05
2005-12-27,9.1,9.15,8.97,9.07,4029640.0,9.07
2005-12-23,9.1,9.21,9.05,9.1,4363890.0,9.1
2005-12-22,9.04,9.2,9.02,9.1,10719400.0,9.1
2005-12-21,8.77,9.27,8.73,9.1,13113300.0,9.1
2005-12-20,8.6,8.85,8.55,8.82,8493820.0,8.82
2005-12-19,8.65,8.69,8.55,8.62,3251750.0,8.62
2005-12-16,8.72,8.76,8.62,8.62,4775690.0,8.62
2005-12-15,8.65,8.7,8.59,8.7,3539550.0,8.7
2005-12-14,8.58,8.7,8.58,8.64,3948060.0,8.64
2005-12-13,8.63,8.7,8.45,8.68,5267310.0,8.68
2005-12-12,8.73,8.85,8.46,8.57,4732020.0,8.57
2005-12-09,8.35,8.79,8.33,8.71,7058520.0,8.71
2005-12-08,8.39,8.55,8.31,8.32,4278800.0,8.32
2005-12-07,8.58,8.65,8.35,8.4,4593040.0,8.4
2005-12-06,8.45,8.7,8.45,8.6,6657450.0,8.6
2005-12-05,8.44,8.61,8.25,8.51,8129110.0,8.51
2005-12-02,7.9,8.5,7.82,8.44,28715900.0,8.44
2005-12-01,7.79,7.82,7.59,7.67,8988340.0,7.67
2005-11-30,7.67,7.79,7.65,7.78,5578580.0,7.78
2005-11-29,7.85,7.92,7.67,7.71,4570130.0,7.71
2005-11-28,7.96,7.96,7.85,7.87,4105230.0,7.87
2005-11-25,7.97,7.99,7.89,7.93,943675.0,7.93
2005-11-23,7.96,8.05,7.84,8.0,3422730.0,8.0
2005-11-22,8.08,8.14,7.96,7.97,4554810.0,7.97
2005-11-21,8.08,8.15,8.07,8.12,3430980.0,8.12
2005-11-18,8.04,8.17,8.03,8.13,4063380.0,8.13
2005-11-17,7.73,8.07,7.71,8.05,6104260.0,8.05
2005-11-16,7.73,7.84,7.71,7.77,2975960.0,7.77
2005-11-15,7.17,7.85,7.17,7.74,4561120.0,7.74
2005-11-14,7.74,7.89,7.7,7.87,4037330.0,7.87
2005-11-11,7.61,7.78,7.6,7.77,3274450.0,7.77
2005-11-10,7.51,7.6,7.51,7.58,3651890.0,7.58
2005-11-09,7.49,7.54,7.47,7.5,4451250.0,7.5
2005-11-08,7.53,7.56,7.46,7.5,3367720.0,7.5
2005-11-07,7.52,7.7,7.47,7.53,6148580.0,7.53
2005-11-04,7.65,7.67,7.41,7.54,7538600.0,7.54
2005-11-03,7.47,7.64,7.46,7.64,6844660.0,7.64
2005-11-02,7.46,7.58,7.37,7.47,4756650.0,7.47
2005-11-01,7.63,7.67,7.41,7.47,5568770.0,7.47
2005-10-31,7.58,7.66,7.45,7.62,5310910.0,7.62
2005-10-28,7.35,7.65,7.35,7.57,6532930.0,7.57
2005-10-27,7.3,7.5,7.2,7.33,5845090.0,7.33
2005-10-26,7.3,7.47,7.3,7.33,6047630.0,7.33
2005-10-25,7.7,7.71,7.3,7.46,5075950.0,7.46
2005-10-24,7.4,7.68,7.38,7.67,6041260.0,7.67
2005-10-21,7.3,7.5,7.22,7.43,4970690.0,7.43
2005-10-20,7.2,7.35,7.17,7.3,3766850.0,7.3
2005-10-19,7.14,7.2,7.02,7.2,4726650.0,7.2
2005-10-18,7.22,7.3,7.15,7.16,1569020.0,7.16
2005-10-17,7.21,7.3,7.2,7.27,3209650.0,7.27
2005-10-14,7.2,7.33,7.12,7.21,4076080.0,7.21
2005-10-13,7.29,7.35,7.14,7.32,4280300.0,7.32
2005-10-12,7.12,7.31,7.11,7.26,2919990.0,7.26
2005-10-11,7.31,7.39,7.1,7.16,4164940.0,7.16
2005-10-10,7.41,7.52,7.32,7.34,2454450.0,7.34
2005-10-07,7.5,7.52,7.25,7.38,5636530.0,7.38
2005-10-06,7.36,7.58,7.34,7.51,6142170.0,7.51
2005-10-05,7.44,7.52,7.25,7.33,4174720.0,7.33
2005-10-04,7.53,7.68,7.36,7.37,5106760.0,7.37
2005-10-03,7.45,7.77,7.45,7.57,8624540.0,7.57
2005-09-30,7.33,7.48,7.31,7.45,5028680.0,7.45
2005-09-29,7.11,7.5,7.1,7.36,16809000.0,7.36
2005-09-28,7.01,7.13,6.95,7.03,8893120.0,7.03
2005-09-27,6.9,7.02,6.88,6.99,2884660.0,6.99
2005-09-26,6.99,7.02,6.89,6.94,2305040.0,6.94
2005-09-23,7.06,7.07,6.91,6.95,2368520.0,6.95
2005-09-22,6.89,7.08,6.84,7.0,4989900.0,7.0
2005-09-21,7.1,7.1,6.83,6.94,3554420.0,6.94
2005-09-20,7.08,7.24,7.02,7.1,4237610.0,7.1
2005-09-19,7.21,7.25,7.09,7.11,4386980.0,7.11
2005-09-16,7.3,7.3,7.2,7.24,4880430.0,7.24
2005-09-15,7.2,7.3,7.17,7.22,5492400.0,7.22
2005-09-14,7.12,7.3,7.12,7.2,5842670.0,7.2
2005-09-13,7.25,7.3,7.02,7.15,4261520.0,7.15
2005-09-12,7.16,7.4,7.12,7.27,8316220.0,7.27
2005-09-09,7.02,7.12,6.94,7.09,8496830.0,7.09
2005-09-08,6.95,7.1,6.93,6.98,11345200.0,6.98
2005-09-07,6.9,7.02,6.86,6.98,6480290.0,6.98
2005-09-06,6.95,7.04,6.89,6.89,10992000.0,6.89
2005-09-02,6.84,6.86,6.78,6.8,6198040.0,6.8
2005-09-01,6.55,6.85,6.52,6.82,9703690.0,6.82
2005-08-31,6.55,6.59,6.48,6.57,4352860.0,6.57
2005-08-30,6.45,6.64,6.43,6.55,6118290.0,6.55
2005-08-29,6.3,6.64,6.25,6.5,8615480.0,6.5
2005-08-26,6.15,6.44,6.12,6.38,15847000.0,6.38
2005-08-25,6.3,6.39,6.16,6.17,8670560.0,6.17
2005-08-24,6.2,6.39,6.12,6.28,7242070.0,6.28
2005-08-23,6.14,6.27,6.07,6.2,4954880.0,6.2
2005-08-22,5.95,6.12,5.94,6.11,6209750.0,6.11
2005-08-19,5.99,6.0,5.9,5.94,2169620.0,5.94
2005-08-18,5.97,6.02,5.95,5.97,1387550.0,5.97
2005-08-17,6.06,6.07,5.95,5.99,3344500.0,5.99
2005-08-16,6.02,6.07,5.98,6.04,3949400.0,6.04
2005-08-15,5.9,6.06,5.9,6.05,4220360.0,6.05
2005-08-12,5.92,5.95,5.86,5.94,2132900.0,5.94
2005-08-11,5.9,6.0,5.82,5.94,4264810.0,5.94
2005-08-10,5.94,6.02,5.9,5.94,5442700.0,5.94
2005-08-09,5.88,6.05,5.8,5.93,5777290.0,5.93
2005-08-08,5.93,5.99,5.83,5.86,4212280.0,5.86
2005-08-05,5.93,6.0,5.86,5.94,3187150.0,5.94
2005-08-04,6.07,6.1,5.8,5.94,8516230.0,5.94
2005-08-03,6.08,6.14,5.98,6.1,6202480.0,6.1
2005-08-02,6.14,6.18,6.07,6.08,5423600.0,6.08
2005-08-01,6.1,6.14,6.0,6.14,5641020.0,6.14
2005-07-29,6.14,6.16,6.08,6.08,3487590.0,6.08
2005-07-28,6.18,6.2,6.1,6.1,3026420.0,6.1
2005-07-27,6.16,6.19,6.12,6.13,2436490.0,6.13
2005-07-26,6.12,6.25,6.1,6.15,5090130.0,6.15
2005-07-25,6.09,6.15,6.08,6.13,2455260.0,6.13
2005-07-22,6.1,6.16,6.08,6.1,2874340.0,6.1
2005-07-21,6.16,6.21,6.12,6.17,2957560.0,6.17
2005-07-20,6.13,6.2,6.08,6.17,3829660.0,6.17
2005-07-19,6.11,6.2,6.1,6.17,3458330.0,6.17
2005-07-18,6.1,6.17,6.06,6.1,3309960.0,6.1
2005-07-15,6.08,6.18,6.02,6.15,4646460.0,6.15
2005-07-14,6.19,6.22,6.04,6.08,7429820.0,6.08
2005-07-13,6.38,6.4,6.13,6.18,8343260.0,6.18
2005-07-12,6.23,6.4,6.12,6.35,11665500.0,6.35
2005-07-11,6.18,6.36,5.95,6.23,18427300.0,6.23
2005-07-08,6.15,6.16,6.07,6.16,3757720.0,6.16
2005-07-07,6.01,6.17,5.95,6.16,4493670.0,6.16
2005-07-06,6.03,6.15,6.0,6.1,5969880.0,6.1
2005-07-05,6.1,6.14,5.97,6.06,5336610.0,6.06
2005-07-01,6.23,6.28,6.08,6.15,4890980.0,6.15
2005-06-30,6.2,6.3,6.17,6.2,3698280.0,6.2
2005-06-29,6.4,6.4,6.16,6.2,5812960.0,6.2
2005-06-28,6.23,6.46,6.16,6.41,7062130.0,6.41
2005-06-27,6.23,6.23,6.16,6.19,8853780.0,6.19
2005-06-24,6.23,6.29,6.19,6.27,6281680.0,6.27
2005-06-23,6.2,6.31,6.2,6.25,3191500.0,6.25
2005-06-22,6.19,6.25,6.16,6.21,2763570.0,6.21
2005-06-21,6.25,6.26,6.17,6.17,3173620.0,6.17
2005-06-20,6.15,6.26,6.11,6.26,6253620.0,6.26
2005-06-17,6.32,6.36,6.14,6.2,4790470.0,6.2
2005-06-16,6.32,6.38,6.2,6.27,7133450.0,6.27
2005-06-15,6.29,6.41,6.25,6.39,6996250.0,6.39
2005-06-14,6.4,6.46,6.29,6.3,4535960.0,6.3
2005-06-13,6.43,6.49,6.27,6.45,5320750.0,6.45
2005-06-10,6.31,6.44,6.25,6.44,4486630.0,6.44
2005-06-09,6.31,6.42,6.2,6.34,6391850.0,6.34
2005-06-08,6.34,6.38,6.28,6.29,9125700.0,6.29
2005-06-07,6.4,6.4,6.26,6.31,6933400.0,6.31
2005-06-06,6.33,6.44,6.28,6.32,10410500.0,6.32
2005-06-03,6.21,6.37,6.14,6.33,8235430.0,6.33
2005-06-02,6.05,6.31,6.05,6.22,9416790.0,6.22
2005-06-01,5.84,6.25,5.83,6.11,11920600.0,6.11
2005-05-31,5.88,5.95,5.84,5.86,5827220.0,5.86
2005-05-27,5.82,5.9,5.78,5.84,11244200.0,5.84
2005-05-26,5.87,5.93,5.74,5.83,43037900.0,5.83
2005-05-25,6.42,6.42,6.14,6.28,17023200.0,6.28
2005-05-24,6.4,6.46,6.32,6.42,8298170.0,6.42
2005-05-23,6.65,6.66,6.41,6.47,12097700.0,6.47
2005-05-20,6.25,6.69,6.22,6.66,19578800.0,6.66
2005-05-19,5.95,6.23,5.95,6.21,9934240.0,6.21
2005-05-18,6.03,6.06,5.93,5.96,6799410.0,5.96
2005-05-17,5.93,6.03,5.9,6.0,6790390.0,6.0
2005-05-16,5.9,5.97,5.86,5.91,4520850.0,5.91
2005-05-13,6.05,6.07,5.9,5.92,8221130.0,5.92
2005-05-12,6.1,6.16,5.98,6.03,4094080.0,6.03
2005-05-11,6.04,6.11,5.98,6.11,4336880.0,6.11
2005-05-10,5.94,6.08,5.89,6.06,7622870.0,6.06
2005-05-09,5.89,6.04,5.85,5.99,7422070.0,5.99
2005-05-06,5.78,5.85,5.73,5.85,4549810.0,5.85
2005-05-05,5.82,5.85,5.68,5.74,5536630.0,5.74
2005-05-04,5.87,5.9,5.75,5.87,7509680.0,5.87
2005-05-03,5.88,5.96,5.8,5.87,6912730.0,5.87
2005-05-02,5.9,5.98,5.9,5.91,10519200.0,5.91
2005-04-29,5.94,6.0,5.85,5.91,4717320.0,5.91
2005-04-28,6.03,6.04,5.75,5.91,9556630.0,5.91
2005-04-27,5.89,6.05,5.88,6.02,7944300.0,6.02
2005-04-26,6.11,6.11,5.85,5.96,9875990.0,5.96
2005-04-25,6.15,6.2,6.05,6.1,7502530.0,6.1
2005-04-22,6.15,6.21,6.1,6.15,5654010.0,6.15
2005-04-21,6.12,6.21,6.05,6.16,7583140.0,6.16
2005-04-20,6.01,6.11,5.98,6.04,7661850.0,6.04
2005-04-19,5.95,6.05,5.9,5.98,8908470.0,5.98
2005-04-18,6.01,6.08,5.89,5.9,9377160.0,5.9
2005-04-15,5.91,6.02,5.89,5.96,8237730.0,5.96
2005-04-14,5.97,6.04,5.85,5.96,5070520.0,5.96
2005-04-13,5.99,6.08,5.94,6.03,13945100.0,6.03
2005-04-12,5.9,6.03,5.87,5.99,14450200.0,5.99
2005-04-11,5.79,5.94,5.74,5.91,9357830.0,5.91
2005-04-08,5.89,5.89,5.68,5.74,12109000.0,5.74
2005-04-07,5.94,6.04,5.82,5.88,6275020.0,5.88
2005-04-06,6.1,6.1,5.97,6.01,6464750.0,6.01
2005-04-05,6.02,6.1,5.96,6.05,7880890.0,6.05
2005-04-04,6.19,6.19,5.95,5.97,9105940.0,5.97
2005-04-01,6.09,6.17,5.98,6.12,13908800.0,6.12
2005-03-31,5.82,5.99,5.78,5.96,10805700.0,5.96
2005-03-30,5.58,5.84,5.53,5.82,8850350.0,5.82
2005-03-29,5.55,5.6,5.48,5.55,7941000.0,5.55
2005-03-28,5.52,5.57,5.43,5.52,6772380.0,5.52
2005-03-24,5.51,5.58,5.48,5.51,4983480.0,5.51
2005-03-23,5.43,5.54,5.43,5.52,4143770.0,5.52
2005-03-22,5.45,5.55,5.41,5.44,8914800.0,5.44
2005-03-21,5.45,5.46,5.32,5.43,5907440.0,5.43
2005-03-18,5.38,5.45,5.31,5.45,7208440.0,5.45
2005-03-17,5.31,5.46,5.25,5.36,7978700.0,5.36
2005-03-16,5.24,5.34,5.15,5.27,13439100.0,5.27
2005-03-15,5.34,5.37,5.25,5.28,6914030.0,5.28
2005-03-14,5.3,5.35,5.24,5.34,6332990.0,5.34
2005-03-11,5.37,5.4,5.21,5.29,4342200.0,5.29
2005-03-10,5.45,5.48,5.32,5.38,5505590.0,5.38
2005-03-09,5.49,5.5,5.39,5.41,7495540.0,5.41
2005-03-08,5.5,5.55,5.48,5.53,8988670.0,5.53
2005-03-07,5.49,5.57,5.4,5.48,8073960.0,5.48
2005-03-04,5.38,5.48,5.33,5.45,15227100.0,5.45
2005-03-03,5.25,5.36,5.24,5.28,10852300.0,5.28
2005-03-02,5.17,5.35,5.17,5.26,11706200.0,5.26
2005-03-01,5.21,5.3,5.17,5.21,14294900.0,5.21
2005-02-28,5.08,5.3,4.94,5.24,26217800.0,5.24
2005-02-25,5.47,5.48,5.3,5.31,12599200.0,5.31
2005-02-24,5.58,5.6,5.32,5.46,16557100.0,5.46
2005-02-23,5.88,5.9,5.59,5.62,33683700.0,5.62
2005-02-22,6.01,6.23,6.0,6.12,18042700.0,6.12
2005-02-18,5.9,6.06,5.87,6.01,13639400.0,6.01
2005-02-17,5.75,5.9,5.74,5.84,15984800.0,5.84
2005-02-16,5.8,5.9,5.67,5.76,9372990.0,5.76
2005-02-15,5.88,5.94,5.79,5.8,5353220.0,5.8
2005-02-14,5.95,5.96,5.83,5.87,5035950.0,5.87
2005-02-11,5.87,5.93,5.72,5.88,6379400.0,5.88
2005-02-10,5.94,5.95,5.78,5.81,5615130.0,5.81
2005-02-09,6.02,6.03,5.75,5.79,9643290.0,5.79
2005-02-08,5.71,6.07,5.67,6.02,13039300.0,6.02
2005-02-07,5.79,5.81,5.62,5.7,8176340.0,5.7
2005-02-04,5.86,5.9,5.71,5.78,7590390.0,5.78
2005-02-03,5.74,5.85,5.74,5.8,10816800.0,5.8
2005-02-02,5.77,5.77,5.54,5.61,7891130.0,5.61
2005-02-01,5.76,5.79,5.63,5.69,7174730.0,5.69
2005-01-31,5.67,5.81,5.61,5.77,7984900.0,5.77
2005-01-28,5.73,5.75,5.49,5.57,10828400.0,5.57
2005-01-27,5.8,5.89,5.65,5.7,8416540.0,5.7
2005-01-26,5.88,5.89,5.75,5.85,5065680.0,5.85
2005-01-25,5.83,5.9,5.66,5.75,8784890.0,5.75
2005-01-24,6.04,6.05,5.74,5.76,8440050.0,5.76
2005-01-21,6.11,6.17,5.89,5.95,12979800.0,5.95
2005-01-20,6.1,6.24,6.07,6.09,4992080.0,6.09
2005-01-19,6.25,6.29,6.14,6.16,7137150.0,6.16
2005-01-18,6.37,6.41,6.24,6.26,6968680.0,6.26
2005-01-14,6.37,6.5,6.31,6.37,13070100.0,6.37
2005-01-13,6.05,6.13,6.02,6.06,8920110.0,6.06
2005-01-12,6.11,6.14,6.0,6.05,6422920.0,6.05
2005-01-11,6.13,6.24,6.0,6.06,10072500.0,6.06
2005-01-10,6.22,6.35,6.19,6.21,5623080.0,6.21
2005-01-07,6.38,6.43,6.22,6.25,5724270.0,6.25
2005-01-06,6.42,6.45,6.28,6.33,5930470.0,6.33
2005-01-05,6.27,6.43,6.21,6.36,9748250.0,6.36
2005-01-04,6.67,6.69,6.25,6.32,7356570.0,6.32
2005-01-03,6.8,6.82,6.55,6.57,6431500.0,6.57
