Date,Open,High,Low,Close,Volume,Adj Close
2011-11-23,nan,nan,nan,nan,nan,nan
2011-11-22,nan,nan,nan,nan,nan,nan
2011-11-21,nan,nan,nan,nan,nan,nan
2011-11-18,nan,nan,nan,nan,nan,nan
2011-11-17,nan,nan,nan,nan,nan,nan
2011-11-16,nan,nan,nan,nan,nan,nan
2011-11-15,nan,nan,nan,nan,nan,nan
2011-11-14,nan,nan,nan,nan,nan,nan
2011-11-11,nan,nan,nan,nan,nan,nan
2011-11-10,nan,nan,nan,nan,nan,nan
2011-11-09,nan,nan,nan,nan,nan,nan
2011-11-08,nan,nan,nan,nan,nan,nan
2011-11-07,nan,nan,nan,nan,nan,nan
2011-11-04,nan,nan,nan,nan,nan,nan
2011-11-03,nan,nan,nan,nan,nan,nan
2011-11-02,nan,nan,nan,nan,nan,nan
2011-11-01,nan,nan,nan,nan,nan,nan
2011-10-31,nan,nan,nan,nan,nan,nan
2011-10-28,nan,nan,nan,nan,nan,nan
2011-10-27,nan,nan,nan,nan,nan,nan
2011-10-26,nan,nan,nan,nan,nan,nan
2011-10-25,nan,nan,nan,nan,nan,nan
2011-10-24,nan,nan,nan,nan,nan,nan
2011-10-21,nan,nan,nan,nan,nan,nan
2011-10-20,nan,nan,nan,nan,nan,nan
2011-10-19,nan,nan,nan,nan,nan,nan
2011-10-18,nan,nan,nan,nan,nan,nan
2011-10-17,nan,nan,nan,nan,nan,nan
2011-10-14,nan,nan,nan,nan,nan,nan
2011-10-13,nan,nan,nan,nan,nan,nan
2011-10-12,nan,nan,nan,nan,nan,nan
2011-10-11,nan,nan,nan,nan,nan,nan
2011-10-10,nan,nan,nan,nan,nan,nan
2011-10-07,nan,nan,nan,nan,nan,nan
2011-10-06,nan,nan,nan,nan,nan,nan
2011-10-05,nan,nan,nan,nan,nan,nan
2011-10-04,nan,nan,nan,nan,nan,nan
2011-10-03,nan,nan,nan,nan,nan,nan
2011-09-30,nan,nan,nan,nan,nan,nan
2011-09-29,nan,nan,nan,nan,nan,nan
2011-09-28,nan,nan,nan,nan,nan,nan
2011-09-27,nan,nan,nan,nan,nan,nan
2011-09-26,nan,nan,nan,nan,nan,nan
2011-09-23,nan,nan,nan,nan,nan,nan
2011-09-22,nan,nan,nan,nan,nan,nan
2011-09-21,nan,nan,nan,nan,nan,nan
2011-09-20,nan,nan,nan,nan,nan,nan
2011-09-19,nan,nan,nan,nan,nan,nan
2011-09-16,nan,nan,nan,nan,nan,nan
2011-09-15,nan,nan,nan,nan,nan,nan
2011-09-14,nan,nan,nan,nan,nan,nan
2011-09-13,nan,nan,nan,nan,nan,nan
2011-09-12,nan,nan,nan,nan,nan,nan
2011-09-09,nan,nan,nan,nan,nan,nan
2011-09-08,nan,nan,nan,nan,nan,nan
2011-09-07,nan,nan,nan,nan,nan,nan
2011-09-06,nan,nan,nan,nan,nan,nan
2011-09-02,nan,nan,nan,nan,nan,nan
2011-09-01,nan,nan,nan,nan,nan,nan
2011-08-31,nan,nan,nan,nan,nan,nan
2011-08-30,nan,nan,nan,nan,nan,nan
2011-08-29,nan,nan,nan,nan,nan,nan
2011-08-26,nan,nan,nan,nan,nan,nan
2011-08-25,nan,nan,nan,nan,nan,nan
2011-08-24,nan,nan,nan,nan,nan,nan
2011-08-23,nan,nan,nan,nan,nan,nan
2011-08-22,nan,nan,nan,nan,nan,nan
2011-08-19,nan,nan,nan,nan,nan,nan
2011-08-18,nan,nan,nan,nan,nan,nan
2011-08-17,nan,nan,nan,nan,nan,nan
2011-08-16,nan,nan,nan,nan,nan,nan
2011-08-15,nan,nan,nan,nan,nan,nan
2011-08-12,nan,nan,nan,nan,nan,nan
2011-08-11,nan,nan,nan,nan,nan,nan
2011-08-10,nan,nan,nan,nan,nan,nan
2011-08-09,nan,nan,nan,nan,nan,nan
2011-08-08,nan,nan,nan,nan,nan,nan
2011-08-05,nan,nan,nan,nan,nan,nan
2011-08-04,nan,nan,nan,nan,nan,nan
2011-08-03,nan,nan,nan,nan,nan,nan
2011-08-02,nan,nan,nan,nan,nan,nan
2011-08-01,nan,nan,nan,nan,nan,nan
2011-07-29,nan,nan,nan,nan,nan,nan
2011-07-28,nan,nan,nan,nan,nan,nan
2011-07-27,nan,nan,nan,nan,nan,nan
2011-07-26,nan,nan,nan,nan,nan,nan
2011-07-25,nan,nan,nan,nan,nan,nan
2011-07-22,nan,nan,nan,nan,nan,nan
2011-07-21,nan,nan,nan,nan,nan,nan
2011-07-20,nan,nan,nan,nan,nan,nan
2011-07-19,nan,nan,nan,nan,nan,nan
2011-07-18,nan,nan,nan,nan,nan,nan
2011-07-15,nan,nan,nan,nan,nan,nan
2011-07-14,nan,nan,nan,nan,nan,nan
2011-07-13,nan,nan,nan,nan,nan,nan
2011-07-12,nan,nan,nan,nan,nan,nan
2011-07-11,nan,nan,nan,nan,nan,nan
2011-07-08,nan,nan,nan,nan,nan,nan
2011-07-07,nan,nan,nan,nan,nan,nan
2011-07-06,nan,nan,nan,nan,nan,nan
2011-07-05,nan,nan,nan,nan,nan,nan
2011-07-01,nan,nan,nan,nan,nan,nan
2011-06-30,nan,nan,nan,nan,nan,nan
2011-06-29,nan,nan,nan,nan,nan,nan
2011-06-28,nan,nan,nan,nan,nan,nan
2011-06-27,nan,nan,nan,nan,nan,nan
2011-06-24,nan,nan,nan,nan,nan,nan
2011-06-23,nan,nan,nan,nan,nan,nan
2011-06-22,nan,nan,nan,nan,nan,nan
2011-06-21,nan,nan,nan,nan,nan,nan
2011-06-20,nan,nan,nan,nan,nan,nan
2011-06-17,nan,nan,nan,nan,nan,nan
2011-06-16,nan,nan,nan,nan,nan,nan
2011-06-15,nan,nan,nan,nan,nan,nan
2011-06-14,nan,nan,nan,nan,nan,nan
2011-06-13,nan,nan,nan,nan,nan,nan
2011-06-10,nan,nan,nan,nan,nan,nan
2011-06-09,nan,nan,nan,nan,nan,nan
2011-06-08,nan,nan,nan,nan,nan,nan
2011-06-07,nan,nan,nan,nan,nan,nan
2011-06-06,nan,nan,nan,nan,nan,nan
2011-06-03,nan,nan,nan,nan,nan,nan
2011-06-02,nan,nan,nan,nan,nan,nan
2011-06-01,nan,nan,nan,nan,nan,nan
2011-05-31,nan,nan,nan,nan,nan,nan
2011-05-27,nan,nan,nan,nan,nan,nan
2011-05-26,nan,nan,nan,nan,nan,nan
2011-05-25,nan,nan,nan,nan,nan,nan
2011-05-24,nan,nan,nan,nan,nan,nan
2011-05-23,nan,nan,nan,nan,nan,nan
2011-05-20,nan,nan,nan,nan,nan,nan
2011-05-19,nan,nan,nan,nan,nan,nan
2011-05-18,nan,nan,nan,nan,nan,nan
2011-05-17,nan,nan,nan,nan,nan,nan
2011-05-16,nan,nan,nan,nan,nan,nan
2011-05-13,nan,nan,nan,nan,nan,nan
2011-05-12,nan,nan,nan,nan,nan,nan
2011-05-11,nan,nan,nan,nan,nan,nan
2011-05-10,nan,nan,nan,nan,nan,nan
2011-05-09,nan,nan,nan,nan,nan,nan
2011-05-06,nan,nan,nan,nan,nan,nan
2011-05-05,nan,nan,nan,nan,nan,nan
2011-05-04,nan,nan,nan,nan,nan,nan
2011-05-03,nan,nan,nan,nan,nan,nan
2011-05-02,nan,nan,nan,nan,nan,nan
2011-04-29,nan,nan,nan,nan,nan,nan
2011-04-28,nan,nan,nan,nan,nan,nan
2011-04-27,nan,nan,nan,nan,nan,nan
2011-04-26,nan,nan,nan,nan,nan,nan
2011-04-25,nan,nan,nan,nan,nan,nan
2011-04-21,nan,nan,nan,nan,nan,nan
2011-04-20,nan,nan,nan,nan,nan,nan
2011-04-19,nan,nan,nan,nan,nan,nan
2011-04-18,nan,nan,nan,nan,nan,nan
2011-04-15,nan,nan,nan,nan,nan,nan
2011-04-14,nan,nan,nan,nan,nan,nan
2011-04-13,nan,nan,nan,nan,nan,nan
2011-04-12,nan,nan,nan,nan,nan,nan
2011-04-11,nan,nan,nan,nan,nan,nan
2011-04-08,nan,nan,nan,nan,nan,nan
2011-04-07,nan,nan,nan,nan,nan,nan
2011-04-06,nan,nan,nan,nan,nan,nan
2011-04-05,nan,nan,nan,nan,nan,nan
2011-04-04,nan,nan,nan,nan,nan,nan
2011-04-01,nan,nan,nan,nan,nan,nan
2011-03-31,nan,nan,nan,nan,nan,nan
2011-03-30,nan,nan,nan,nan,nan,nan
2011-03-29,nan,nan,nan,nan,nan,nan
2011-03-28,nan,nan,nan,nan,nan,nan
2011-03-25,nan,nan,nan,nan,nan,nan
2011-03-24,nan,nan,nan,nan,nan,nan
2011-03-23,nan,nan,nan,nan,nan,nan
2011-03-22,nan,nan,nan,nan,nan,nan
2011-03-21,nan,nan,nan,nan,nan,nan
2011-03-18,nan,nan,nan,nan,nan,nan
2011-03-17,nan,nan,nan,nan,nan,nan
2011-03-16,nan,nan,nan,nan,nan,nan
2011-03-15,nan,nan,nan,nan,nan,nan
2011-03-14,nan,nan,nan,nan,nan,nan
2011-03-11,nan,nan,nan,nan,nan,nan
2011-03-10,nan,nan,nan,nan,nan,nan
2011-03-09,nan,nan,nan,nan,nan,nan
2011-03-08,nan,nan,nan,nan,nan,nan
2011-03-07,nan,nan,nan,nan,nan,nan
2011-03-04,nan,nan,nan,nan,nan,nan
2011-03-03,nan,nan,nan,nan,nan,nan
2011-03-02,nan,nan,nan,nan,nan,nan
2011-03-01,nan,nan,nan,nan,nan,nan
2011-02-28,nan,nan,nan,nan,nan,nan
2011-02-25,nan,nan,nan,nan,nan,nan
2011-02-24,nan,nan,nan,nan,nan,nan
2011-02-23,nan,nan,nan,nan,nan,nan
2011-02-22,nan,nan,nan,nan,nan,nan
2011-02-18,nan,nan,nan,nan,nan,nan
2011-02-17,nan,nan,nan,nan,nan,nan
2011-02-16,nan,nan,nan,nan,nan,nan
2011-02-15,nan,nan,nan,nan,nan,nan
2011-02-14,nan,nan,nan,nan,nan,nan
2011-02-11,nan,nan,nan,nan,nan,nan
2011-02-10,nan,nan,nan,nan,nan,nan
2011-02-09,nan,nan,nan,nan,nan,nan
2011-02-08,nan,nan,nan,nan,nan,nan
2011-02-07,nan,nan,nan,nan,nan,nan
2011-02-04,nan,nan,nan,nan,nan,nan
2011-02-03,nan,nan,nan,nan,nan,nan
2011-02-02,nan,nan,nan,nan,nan,nan
2011-02-01,nan,nan,nan,nan,nan,nan
2011-01-31,nan,nan,nan,nan,nan,nan
2011-01-28,nan,nan,nan,nan,nan,nan
2011-01-27,nan,nan,nan,nan,nan,nan
2011-01-26,nan,nan,nan,nan,nan,nan
2011-01-25,nan,nan,nan,nan,nan,nan
2011-01-24,nan,nan,nan,nan,nan,nan
2011-01-21,nan,nan,nan,nan,nan,nan
2011-01-20,nan,nan,nan,nan,nan,nan
2011-01-19,nan,nan,nan,nan,nan,nan
2011-01-18,nan,nan,nan,nan,nan,nan
2011-01-14,nan,nan,nan,nan,nan,nan
2011-01-13,nan,nan,nan,nan,nan,nan
2011-01-12,nan,nan,nan,nan,nan,nan
2011-01-11,nan,nan,nan,nan,nan,nan
2011-01-10,nan,nan,nan,nan,nan,nan
2011-01-07,nan,nan,nan,nan,nan,nan
2011-01-06,nan,nan,nan,nan,nan,nan
2011-01-05,nan,nan,nan,nan,nan,nan
2011-01-04,nan,nan,nan,nan,nan,nan
2011-01-03,nan,nan,nan,nan,nan,nan
2010-12-31,nan,nan,nan,nan,nan,nan
2010-12-30,nan,nan,nan,nan,nan,nan
2010-12-29,nan,nan,nan,nan,nan,nan
2010-12-28,nan,nan,nan,nan,nan,nan
2010-12-27,nan,nan,nan,nan,nan,nan
2010-12-23,nan,nan,nan,nan,nan,nan
2010-12-22,nan,nan,nan,nan,nan,nan
2010-12-21,nan,nan,nan,nan,nan,nan
2010-12-20,nan,nan,nan,nan,nan,nan
2010-12-17,nan,nan,nan,nan,nan,nan
2010-12-16,nan,nan,nan,nan,nan,nan
2010-12-15,nan,nan,nan,nan,nan,nan
2010-12-14,nan,nan,nan,nan,nan,nan
2010-12-13,nan,nan,nan,nan,nan,nan
2010-12-10,nan,nan,nan,nan,nan,nan
2010-12-09,nan,nan,nan,nan,nan,nan
2010-12-08,nan,nan,nan,nan,nan,nan
2010-12-07,nan,nan,nan,nan,nan,nan
2010-12-06,nan,nan,nan,nan,nan,nan
2010-12-03,nan,nan,nan,nan,nan,nan
2010-12-02,nan,nan,nan,nan,nan,nan
2010-12-01,nan,nan,nan,nan,nan,nan
2010-11-30,nan,nan,nan,nan,nan,nan
2010-11-29,nan,nan,nan,nan,nan,nan
2010-11-26,nan,nan,nan,nan,nan,nan
2010-11-24,nan,nan,nan,nan,nan,nan
2010-11-23,nan,nan,nan,nan,nan,nan
2010-11-22,nan,nan,nan,nan,nan,nan
2010-11-19,nan,nan,nan,nan,nan,nan
2010-11-18,nan,nan,nan,nan,nan,nan
2010-11-17,nan,nan,nan,nan,nan,nan
2010-11-16,nan,nan,nan,nan,nan,nan
2010-11-15,nan,nan,nan,nan,nan,nan
2010-11-12,nan,nan,nan,nan,nan,nan
2010-11-11,nan,nan,nan,nan,nan,nan
2010-11-10,nan,nan,nan,nan,nan,nan
2010-11-09,nan,nan,nan,nan,nan,nan
2010-11-08,nan,nan,nan,nan,nan,nan
2010-11-05,nan,nan,nan,nan,nan,nan
2010-11-04,nan,nan,nan,nan,nan,nan
2010-11-03,nan,nan,nan,nan,nan,nan
2010-11-02,nan,nan,nan,nan,nan,nan
2010-11-01,nan,nan,nan,nan,nan,nan
2010-10-29,nan,nan,nan,nan,nan,nan
2010-10-28,nan,nan,nan,nan,nan,nan
2010-10-27,nan,nan,nan,nan,nan,nan
2010-10-26,nan,nan,nan,nan,nan,nan
2010-10-25,nan,nan,nan,nan,nan,nan
2010-10-22,nan,nan,nan,nan,nan,nan
2010-10-21,nan,nan,nan,nan,nan,nan
2010-10-20,nan,nan,nan,nan,nan,nan
2010-10-19,nan,nan,nan,nan,nan,nan
2010-10-18,nan,nan,nan,nan,nan,nan
2010-10-15,nan,nan,nan,nan,nan,nan
2010-10-14,nan,nan,nan,nan,nan,nan
2010-10-13,nan,nan,nan,nan,nan,nan
2010-10-12,nan,nan,nan,nan,nan,nan
2010-10-11,nan,nan,nan,nan,nan,nan
2010-10-08,nan,nan,nan,nan,nan,nan
2010-10-07,nan,nan,nan,nan,nan,nan
2010-10-06,nan,nan,nan,nan,nan,nan
2010-10-05,nan,nan,nan,nan,nan,nan
2010-10-04,nan,nan,nan,nan,nan,nan
2010-10-01,nan,nan,nan,nan,nan,nan
2010-09-30,nan,nan,nan,nan,nan,nan
2010-09-29,nan,nan,nan,nan,nan,nan
2010-09-28,nan,nan,nan,nan,nan,nan
2010-09-27,nan,nan,nan,nan,nan,nan
2010-09-24,nan,nan,nan,nan,nan,nan
2010-09-23,nan,nan,nan,nan,nan,nan
2010-09-22,nan,nan,nan,nan,nan,nan
2010-09-21,nan,nan,nan,nan,nan,nan
2010-09-20,nan,nan,nan,nan,nan,nan
2010-09-17,nan,nan,nan,nan,nan,nan
2010-09-16,nan,nan,nan,nan,nan,nan
2010-09-15,nan,nan,nan,nan,nan,nan
2010-09-14,nan,nan,nan,nan,nan,nan
2010-09-13,nan,nan,nan,nan,nan,nan
2010-09-10,nan,nan,nan,nan,nan,nan
2010-09-09,nan,nan,nan,nan,nan,nan
2010-09-08,nan,nan,nan,nan,nan,nan
2010-09-07,nan,nan,nan,nan,nan,nan
2010-09-03,nan,nan,nan,nan,nan,nan
2010-09-02,nan,nan,nan,nan,nan,nan
2010-09-01,nan,nan,nan,nan,nan,nan
2010-08-31,nan,nan,nan,nan,nan,nan
2010-08-30,nan,nan,nan,nan,nan,nan
2010-08-27,37.52,38.94,37.21,38.84,5565200.0,38.84
2010-08-26,38.41,38.56,37.16,37.16,11376400.0,37.16
2010-08-25,37.91,38.17,37.52,38.01,5005500.0,38.01
2010-08-24,38.08,39.21,38.0,38.13,8735300.0,38.13
2010-08-23,39.3,39.44,38.64,38.85,5408300.0,38.85
2010-08-20,39.77,39.94,38.82,39.24,2673700.0,39.24
2010-08-19,40.93,41.26,39.87,40.17,3464800.0,40.17
2010-08-18,41.76,41.8,40.84,41.18,2110000.0,41.18
2010-08-17,41.76,42.4,41.46,42.0,1983600.0,42.0
2010-08-16,40.63,41.57,40.57,41.26,2703200.0,41.26
2010-08-13,40.94,41.56,40.8,40.82,2331100.0,40.82
2010-08-12,41.02,41.61,40.72,41.17,4549500.0,41.17
2010-08-11,42.28,42.42,41.43,41.73,5099300.0,41.73
2010-08-10,42.82,43.44,42.51,43.23,3594300.0,43.23
2010-08-09,43.74,43.88,43.35,43.58,2225000.0,43.58
2010-08-06,43.46,43.98,42.68,43.35,2862500.0,43.35
2010-08-05,43.43,43.95,43.05,43.88,2238400.0,43.88
2010-08-04,43.77,44.25,43.31,43.68,2865700.0,43.68
2010-08-03,43.04,44.01,42.95,43.68,4623000.0,43.68
2010-08-02,42.41,44.02,42.3,43.61,6560900.0,43.61
2010-07-30,40.97,41.68,40.8,41.48,3206200.0,41.48
2010-07-29,41.81,42.36,40.79,41.59,4711600.0,41.59
2010-07-28,40.78,41.72,40.69,41.43,4706400.0,41.43
2010-07-27,40.92,41.11,39.88,40.85,5805300.0,40.85
2010-07-26,41.26,41.27,40.0,40.73,3576000.0,40.73
2010-07-23,41.04,41.5,40.3,41.06,5746800.0,41.06
2010-07-22,41.98,42.84,41.69,42.38,4930100.0,42.38
2010-07-21,42.39,42.55,40.75,41.17,5927400.0,41.17
2010-07-20,40.38,42.41,40.13,42.22,6669100.0,42.22
2010-07-19,39.78,41.26,39.59,40.92,7426500.0,40.92
2010-07-16,40.06,40.16,39.11,39.15,13287200.0,39.15
2010-07-15,40.24,40.43,39.42,40.29,4877700.0,40.29
2010-07-14,39.94,40.86,39.81,40.38,3415700.0,40.38
2010-07-13,40.59,40.98,40.24,40.33,2653400.0,40.33
2010-07-12,40.05,40.4,39.45,39.99,2816900.0,39.99
2010-07-09,40.08,40.27,39.59,40.06,2451200.0,40.06
2010-07-08,39.71,40.05,39.02,40.05,3982000.0,40.05
2010-07-07,37.93,39.33,37.88,39.3,5760800.0,39.3
2010-07-06,38.26,38.77,37.3,37.9,4764700.0,37.9
2010-07-02,37.79,38.33,37.02,37.52,3742000.0,37.52
2010-07-01,37.81,38.09,36.51,37.73,5902200.0,37.73
2010-06-30,37.58,38.58,37.47,37.65,5021700.0,37.65
2010-06-29,37.92,38.48,37.35,37.47,5742400.0,37.47
2010-06-28,39.52,39.7,38.91,39.07,4345100.0,39.07
2010-06-25,39.03,39.92,38.63,39.47,8460100.0,39.47
2010-06-24,39.43,39.74,38.75,38.82,4338800.0,38.82
2010-06-23,39.54,40.01,39.06,39.68,4937900.0,39.68
2010-06-22,41.06,41.23,39.55,39.62,6703700.0,39.62
2010-06-21,41.96,42.03,40.63,41.0,3074900.0,41.0
2010-06-18,41.44,41.46,40.28,41.18,5274200.0,41.18
2010-06-17,41.5,41.7,40.96,41.49,4964300.0,41.49
2010-06-16,40.44,41.75,40.44,41.15,3653700.0,41.15
2010-06-15,40.33,41.35,40.0,41.23,3275400.0,41.23
2010-06-14,40.9,41.18,39.56,39.68,5883100.0,39.68
2010-06-11,39.43,40.35,39.35,40.23,5175200.0,40.23
2010-06-10,38.85,40.15,38.78,40.09,4515600.0,40.09
2010-06-09,38.01,39.15,37.19,37.35,6171300.0,37.35
2010-06-08,36.54,37.62,36.15,37.52,7527900.0,37.52
2010-06-07,37.5,38.04,36.35,36.48,4974200.0,36.48
2010-06-04,37.38,38.82,37.04,37.38,6812300.0,37.38
2010-06-03,38.39,38.46,36.47,37.97,7732100.0,37.97
2010-06-02,35.56,37.75,35.42,37.7,7273700.0,37.7
2010-06-01,36.55,36.73,34.44,34.45,11234400.0,34.45
2010-05-28,39.75,39.89,37.19,37.56,9395700.0,37.56
2010-05-27,40.29,40.87,39.33,40.17,6671800.0,40.17
2010-05-26,39.63,40.4,39.15,39.28,5008500.0,39.28
2010-05-25,37.25,39.19,37.08,39.06,7294400.0,39.06
2010-05-24,40.24,40.37,38.24,38.31,6428200.0,38.31
2010-05-21,39.04,40.46,38.56,40.36,9975700.0,40.36
2010-05-20,40.69,40.91,39.39,39.4,13012300.0,39.4
2010-05-19,42.63,43.35,41.4,41.95,7235000.0,41.95
2010-05-18,43.64,44.34,42.62,42.88,5725100.0,42.88
2010-05-17,43.36,43.89,41.9,43.02,5023500.0,43.02
2010-05-14,44.55,44.66,42.94,43.54,4602900.0,43.54
2010-05-13,44.94,45.85,44.21,44.84,4192800.0,44.84
2010-05-12,45.08,45.26,43.95,44.75,3558400.0,44.75
2010-05-11,44.24,45.6,44.21,44.75,6325400.0,44.75
2010-05-10,43.9,44.96,43.78,44.87,10287900.0,44.87
2010-05-07,43.4,43.97,41.47,41.88,10761300.0,41.88
2010-05-06,45.06,45.77,40.63,43.65,10106700.0,43.65
2010-05-05,45.19,45.92,44.39,45.15,8037800.0,45.15
2010-05-04,46.71,47.47,45.9,46.15,7127600.0,46.15
2010-05-03,47.76,48.29,46.94,47.76,11548100.0,47.76
2010-04-30,49.03,49.2,46.6,47.76,17079500.0,47.76
2010-04-29,48.55,49.66,48.21,48.83,20117000.0,48.83
2010-04-28,47.56,47.9,46.51,47.79,5431400.0,47.79
2010-04-27,48.72,48.96,47.05,47.27,5938400.0,47.27
2010-04-26,49.2,49.37,48.73,48.99,4948900.0,48.99
2010-04-23,47.32,49.44,46.87,49.15,7300800.0,49.15
2010-04-22,45.15,46.08,44.99,45.91,4576600.0,45.91
2010-04-21,45.77,46.19,45.27,45.83,4241000.0,45.83
2010-04-20,44.68,45.89,44.58,45.79,4721100.0,45.79
2010-04-19,43.96,44.47,43.47,43.98,3819900.0,43.98
2010-04-16,44.93,45.38,43.74,44.37,5518400.0,44.37
2010-04-15,45.25,45.64,44.94,45.51,2304100.0,45.51
2010-04-14,44.57,45.54,44.41,45.4,4445900.0,45.4
2010-04-13,44.91,44.91,43.61,44.23,4474800.0,44.23
2010-04-12,44.81,45.16,44.64,44.72,3427200.0,44.72
2010-04-09,45.32,45.5,44.69,44.85,5260500.0,44.85
2010-04-08,44.19,45.11,43.91,44.98,3316700.0,44.98
2010-04-07,44.99,45.08,44.33,44.58,4398300.0,44.58
2010-04-06,44.37,45.28,44.36,45.11,5207700.0,45.11
2010-04-05,43.97,44.71,43.7,44.43,4757600.0,44.43
2010-04-01,43.34,43.79,43.18,43.59,5737700.0,43.59
2010-03-31,42.83,42.85,42.45,42.82,8654900.0,42.82
2010-03-30,42.6,43.06,42.34,42.49,4037400.0,42.49
2010-03-29,41.99,42.77,41.8,42.58,7214500.0,42.58
2010-03-26,41.19,41.87,41.19,41.62,3940600.0,41.62
2010-03-25,42.44,42.7,40.91,40.93,4932200.0,40.93
2010-03-24,42.1,42.75,41.91,42.07,3917300.0,42.07
2010-03-23,42.85,43.2,42.35,42.51,6155300.0,42.51
2010-03-22,42.48,43.37,41.79,42.82,6038600.0,42.82
2010-03-19,44.18,44.41,42.98,43.31,11529900.0,43.31
2010-03-18,45.0,45.19,43.77,44.05,7745900.0,44.05
2010-03-17,44.56,45.32,44.34,45.13,6727100.0,45.13
2010-03-16,43.8,44.48,43.37,44.34,6035800.0,44.34
2010-03-15,43.26,43.7,42.78,43.5,5959700.0,43.5
2010-03-12,43.46,43.71,43.11,43.59,6212700.0,43.59
2010-03-11,43.18,43.3,42.77,43.13,4155800.0,43.13
2010-03-10,43.04,43.54,42.6,43.39,6983400.0,43.39
2010-03-09,43.08,43.52,42.9,43.28,5562500.0,43.28
2010-03-08,42.89,43.61,42.86,43.49,8107300.0,43.49
2010-03-05,42.71,43.01,42.54,42.97,10307600.0,42.97
2010-03-04,42.52,42.85,41.88,42.32,11393700.0,42.32
2010-03-03,42.54,43.0,42.35,42.49,9563700.0,42.49
2010-03-02,41.34,42.25,41.09,42.21,13432500.0,42.21
2010-03-01,41.48,41.55,40.9,41.22,15099900.0,41.22
2010-02-26,40.99,41.2,40.56,40.99,15390400.0,40.99
2010-02-25,40.21,40.84,39.72,40.83,14967000.0,40.83
2010-02-24,40.87,41.14,40.4,40.85,25375900.0,40.85
2010-02-23,41.03,41.21,40.22,40.76,41800700.0,40.76
2010-02-22,40.04,41.31,39.84,41.03,121967500.0,41.03
2010-02-19,37.97,38.16,36.95,37.7,42806600.0,37.7
2010-02-18,32.95,33.49,32.61,33.35,4153600.0,33.35
2010-02-17,33.03,33.33,32.78,33.05,3009700.0,33.05
2010-02-16,32.47,33.02,32.34,32.86,3329700.0,32.86
2010-02-12,31.58,32.04,31.23,31.97,3755500.0,31.97
2010-02-11,31.68,32.32,31.16,32.18,4533400.0,32.18
2010-02-10,31.09,31.79,30.51,31.79,4891300.0,31.79
2010-02-09,30.72,31.71,30.49,31.05,5800000.0,31.05
2010-02-08,30.4,30.95,29.9,30.21,3862500.0,30.21
2010-02-05,30.4,30.75,29.14,30.28,5692900.0,30.28
2010-02-04,31.08,31.08,30.23,30.35,4890400.0,30.35
2010-02-03,31.7,32.31,31.21,31.55,3190700.0,31.55
2010-02-02,31.73,32.1,31.49,31.7,4640100.0,31.7
2010-02-01,30.72,31.65,30.43,31.58,3927500.0,31.58
2010-01-29,31.17,31.98,30.0,30.32,7066300.0,30.32
2010-01-28,31.35,31.42,30.37,30.81,6673600.0,30.81
2010-01-27,30.42,31.9,29.89,30.97,8238900.0,30.97
2010-01-26,30.3,31.31,29.95,30.56,6377000.0,30.56
2010-01-25,30.13,31.0,30.05,30.51,5294300.0,30.51
2010-01-22,30.68,31.29,29.86,29.94,8662800.0,29.94
2010-01-21,30.09,31.46,30.04,31.16,13817600.0,31.16
2010-01-20,29.88,30.79,29.82,30.1,6963600.0,30.1
2010-01-19,30.04,30.31,29.65,30.3,3343900.0,30.3
2010-01-15,30.44,30.84,29.79,30.11,4707300.0,30.11
2010-01-14,30.14,30.71,29.9,30.57,3748700.0,30.57
2010-01-13,30.05,30.15,29.22,30.04,3612400.0,30.04
2010-01-12,30.5,30.77,29.82,30.03,3466100.0,30.03
2010-01-11,31.51,31.57,30.43,31.03,4645500.0,31.03
2010-01-08,30.1,31.2,29.91,31.12,3738900.0,31.12
2010-01-07,29.7,30.34,29.7,30.25,3475800.0,30.25
2010-01-06,28.87,30.09,28.67,30.06,7054700.0,30.06
2010-01-05,28.16,28.97,28.07,28.83,5818100.0,28.83
2010-01-04,27.67,28.05,27.62,27.99,4207700.0,27.99
2009-12-31,27.43,27.51,27.03,27.17,1525800.0,27.17
2009-12-30,27.08,27.35,26.98,27.26,1827600.0,27.26
2009-12-29,27.47,27.56,27.0,27.2,2288800.0,27.2
2009-12-28,27.51,27.75,27.21,27.31,1704300.0,27.31
2009-12-24,27.61,27.64,27.21,27.25,1210800.0,27.25
2009-12-23,27.53,27.66,27.23,27.45,2977100.0,27.45
2009-12-22,27.12,27.32,26.97,27.24,3837300.0,27.24
2009-12-21,27.19,27.47,27.01,27.11,3833200.0,27.11
2009-12-18,27.52,27.55,26.5,26.8,8093200.0,26.8
2009-12-17,26.82,27.39,26.81,27.15,4628000.0,27.15
2009-12-16,27.22,27.7,27.11,27.29,4890900.0,27.29
2009-12-15,26.4,27.14,26.32,26.98,3928200.0,26.98
2009-12-14,26.53,26.91,26.28,26.54,3637300.0,26.54
2009-12-11,26.42,26.65,25.8,26.3,4275300.0,26.3
2009-12-10,26.42,26.6,26.17,26.31,3442500.0,26.31
2009-12-09,25.96,26.36,25.62,26.15,5165700.0,26.15
2009-12-08,25.88,26.01,25.54,26.01,6007000.0,26.01
2009-12-07,26.18,26.72,26.07,26.19,5282900.0,26.19
2009-12-04,26.85,27.28,26.07,26.39,5268500.0,26.39
2009-12-03,26.77,26.88,26.29,26.39,4943200.0,26.39
2009-12-02,27.19,27.5,26.64,26.71,6544400.0,26.71
2009-12-01,27.48,27.81,27.17,27.5,6171200.0,27.5
2009-11-30,26.42,27.25,26.31,27.18,5202900.0,27.18
2009-11-27,26.15,26.88,26.0,26.54,3325300.0,26.54
2009-11-25,27.17,27.39,26.64,27.28,5543900.0,27.28
2009-11-24,27.35,27.42,26.53,26.97,8032300.0,26.97
2009-11-23,27.57,28.01,27.01,27.19,9965900.0,27.19
2009-11-20,26.59,27.03,26.48,26.97,9125400.0,26.97
2009-11-19,27.7,27.77,26.66,26.77,11204200.0,26.77
2009-11-18,27.56,28.29,27.47,27.58,44579700.0,27.58
2009-11-17,28.63,28.8,26.7,26.86,24295300.0,26.86
2009-11-16,29.79,31.0,29.68,30.76,3349700.0,30.76
2009-11-13,29.0,29.8,28.57,29.44,3418400.0,29.44
2009-11-12,29.76,30.36,28.87,29.05,4547300.0,29.05
2009-11-11,29.96,30.33,29.6,30.01,3411900.0,30.01
2009-11-10,29.87,30.09,29.17,29.64,2666400.0,29.64
2009-11-09,29.51,30.21,29.12,29.95,3279900.0,29.95
2009-11-06,28.65,29.46,28.44,28.89,3667300.0,28.89
2009-11-05,28.76,29.53,28.59,29.09,5529400.0,29.09
2009-11-04,29.01,29.41,28.49,28.55,5830400.0,28.55
2009-11-03,27.63,29.13,27.32,28.71,4437500.0,28.71
2009-11-02,27.83,28.61,27.19,27.96,5824900.0,27.96
2009-10-30,29.04,29.4,27.25,27.73,7974800.0,27.73
2009-10-29,28.79,29.75,28.28,29.15,10536000.0,29.15
2009-10-28,31.13,31.65,29.97,30.0,8356700.0,30.0
2009-10-27,32.27,32.68,31.38,31.68,6834700.0,31.68
2009-10-26,32.62,33.95,32.08,32.29,4373600.0,32.29
2009-10-23,34.07,34.46,32.17,32.65,6016200.0,32.65
2009-10-22,32.95,33.88,32.31,33.81,3913900.0,33.81
2009-10-21,32.92,34.06,32.59,33.05,5974900.0,33.05
2009-10-20,33.15,33.39,32.36,33.28,5244700.0,33.28
2009-10-19,31.91,33.36,31.58,33.25,9257000.0,33.25
2009-10-16,32.15,32.17,31.1,31.89,5421300.0,31.89
2009-10-15,31.07,32.18,30.86,32.17,4881500.0,32.17
2009-10-14,31.0,31.74,30.77,31.69,5268200.0,31.69
2009-10-13,30.85,30.85,29.78,30.25,4088500.0,30.25
2009-10-12,30.8,31.25,30.38,30.72,3028600.0,30.72
2009-10-09,30.54,30.89,29.95,30.28,3727000.0,30.28
2009-10-08,29.61,30.77,29.16,30.75,5853600.0,30.75
2009-10-07,28.4,29.45,28.35,29.33,4353100.0,29.33
2009-10-06,28.22,28.85,27.94,28.57,4859600.0,28.57
2009-10-05,27.02,28.03,26.85,27.59,5685600.0,27.59
2009-10-02,27.2,27.39,26.56,26.97,5781100.0,26.97
2009-10-01,28.72,28.97,27.69,27.79,4053800.0,27.79
2009-09-30,29.36,29.5,28.2,28.7,3590100.0,28.7
2009-09-29,29.12,29.44,28.73,29.19,2068000.0,29.19
2009-09-28,28.79,29.29,28.38,29.22,2374500.0,29.22
2009-09-25,28.14,29.06,28.14,28.57,3201800.0,28.57
2009-09-24,29.65,29.65,28.18,28.54,4789800.0,28.54
2009-09-23,30.1,30.92,29.32,29.74,8686300.0,29.74
2009-09-22,28.7,29.9,28.47,29.79,6438700.0,29.79
2009-09-21,27.83,28.39,27.61,28.15,3019200.0,28.15
2009-09-18,28.47,28.71,27.74,28.58,3334500.0,28.58
2009-09-17,28.59,28.89,27.9,28.32,3841700.0,28.32
2009-09-16,28.22,28.97,28.07,28.76,4616800.0,28.76
2009-09-15,27.61,28.14,27.03,28.04,4298500.0,28.04
2009-09-14,26.74,27.45,26.51,27.42,3822600.0,27.42
2009-09-11,26.82,28.18,26.82,27.39,5673200.0,27.39
2009-09-10,27.3,27.75,26.96,27.69,3549300.0,27.69
2009-09-09,27.43,27.72,26.7,27.24,4631800.0,27.24
2009-09-08,26.96,27.83,26.7,27.37,6062400.0,27.37
2009-09-04,25.75,26.3,25.48,26.27,4443200.0,26.27
2009-09-03,25.66,25.81,25.13,25.72,6487000.0,25.72
2009-09-02,26.0,26.38,25.05,25.22,15638300.0,25.22
2009-09-01,27.58,28.4,26.96,27.03,6912700.0,27.03
2009-08-31,28.28,28.28,27.37,27.57,5180100.0,27.57
2009-08-28,29.28,29.48,28.36,28.73,3101900.0,28.73
2009-08-27,28.15,28.83,27.68,28.8,3541300.0,28.8
2009-08-26,28.38,28.54,28.13,28.39,3120000.0,28.39
2009-08-25,29.12,29.54,28.38,28.69,4558500.0,28.69
2009-08-24,29.41,29.85,29.09,29.32,3466100.0,29.32
2009-08-21,27.76,29.07,27.76,29.04,5800100.0,29.04
2009-08-20,26.93,27.48,26.81,27.39,5350300.0,27.39
2009-08-19,25.89,27.26,25.76,26.88,6075800.0,26.88
2009-08-18,25.88,26.59,25.84,26.49,3360700.0,26.49
2009-08-17,25.99,26.01,25.34,25.88,6268000.0,25.88
2009-08-14,27.42,27.56,26.29,26.61,6662300.0,26.61
2009-08-13,26.4,27.58,26.04,27.51,6911600.0,27.51
2009-08-12,25.64,26.33,25.52,25.95,3859100.0,25.95
2009-08-11,26.26,26.34,25.62,25.65,3546600.0,25.65
2009-08-10,26.04,26.69,25.98,26.36,3746000.0,26.36
2009-08-07,26.06,26.4,25.3,26.03,5940000.0,26.03
2009-08-06,26.02,26.18,25.26,25.74,4193600.0,25.74
2009-08-05,25.43,26.1,25.27,25.98,4330300.0,25.98
2009-08-04,26.16,26.25,25.46,25.7,4980200.0,25.7
2009-08-03,25.68,26.92,25.68,26.61,6157700.0,26.61
2009-07-31,24.58,25.36,24.58,25.13,3763100.0,25.13
2009-07-30,24.36,25.38,24.26,25.07,6194800.0,25.07
2009-07-29,24.29,24.29,23.36,23.8,5940300.0,23.8
2009-07-28,25.15,25.65,24.38,24.72,7371600.0,24.72
2009-07-27,26.08,26.51,25.56,26.23,5722200.0,26.23
2009-07-24,25.4,25.98,24.81,25.96,5093300.0,25.96
2009-07-23,24.8,26.05,24.62,25.9,3792400.0,25.9
2009-07-22,24.49,25.29,24.38,24.88,3486200.0,24.88
2009-07-21,25.75,25.76,24.54,25.18,6571300.0,25.18
2009-07-20,25.57,25.82,24.37,25.26,5560400.0,25.26
2009-07-17,25.33,25.56,24.91,25.16,4070500.0,25.16
2009-07-16,24.5,25.41,24.31,25.23,3402500.0,25.23
2009-07-15,24.45,25.0,24.42,24.77,4045700.0,24.77
2009-07-14,23.85,24.1,23.57,23.95,4541200.0,23.95
2009-07-13,22.91,23.35,22.12,23.33,4688000.0,23.33
2009-07-10,22.95,23.38,22.74,22.97,4962200.0,22.97
2009-07-09,23.38,24.0,23.2,23.45,7289600.0,23.45
2009-07-08,22.83,23.22,22.15,23.07,7246100.0,23.07
2009-07-07,23.83,23.86,22.54,22.61,6524700.0,22.61
2009-07-06,23.49,23.96,23.11,23.88,4984200.0,23.88
2009-07-02,24.94,25.07,24.11,24.14,4497100.0,24.14
2009-07-01,26.04,26.45,25.79,25.86,4535400.0,25.86
2009-06-30,26.0,26.5,25.21,25.75,3888900.0,25.75
2009-06-29,26.76,26.9,25.9,26.0,4337500.0,26.0
2009-06-26,25.81,26.54,25.52,26.32,5167600.0,26.32
2009-06-25,25.06,26.2,24.96,25.93,4521300.0,25.93
2009-06-24,25.42,25.71,24.85,25.11,4599000.0,25.11
2009-06-23,24.93,25.34,24.13,25.12,6551000.0,25.12
2009-06-22,26.0,26.05,24.59,24.67,6362000.0,24.67
2009-06-19,27.67,27.82,26.31,26.51,5688000.0,26.51
2009-06-18,27.41,28.0,26.82,27.15,3403300.0,27.15
2009-06-17,28.3,28.44,26.96,27.36,6927500.0,27.36
2009-06-16,30.27,30.65,28.49,28.51,3844400.0,28.51
2009-06-15,30.11,30.17,28.94,29.63,3992300.0,29.63
2009-06-12,31.29,31.29,30.43,30.75,4017500.0,30.75
2009-06-11,31.2,32.44,30.92,31.91,4632000.0,31.91
2009-06-10,31.15,31.46,30.27,31.19,5248300.0,31.19
2009-06-09,30.28,30.64,29.59,30.46,3560500.0,30.46
2009-06-08,28.97,29.53,28.6,29.22,3948500.0,29.22
2009-06-05,30.27,30.57,28.79,29.6,4349900.0,29.6
2009-06-04,29.3,29.95,28.77,29.68,3906100.0,29.68
2009-06-03,30.09,30.23,28.0,28.67,5247600.0,28.67
2009-06-02,30.7,30.88,29.88,30.54,4700500.0,30.54
2009-06-01,29.78,31.25,29.53,30.88,7056200.0,30.88
2009-05-29,28.21,29.19,28.01,29.19,6621400.0,29.19
2009-05-28,26.56,27.79,25.88,27.69,5420600.0,27.69
2009-05-27,27.03,27.14,26.11,26.12,4151900.0,26.12
2009-05-26,25.64,26.68,25.38,26.67,4734100.0,26.67
2009-05-22,26.07,26.6,25.8,26.0,3360100.0,26.0
2009-05-21,26.74,26.99,25.31,25.99,6216000.0,25.99
2009-05-20,28.55,29.55,27.97,27.97,3666900.0,27.97
2009-05-19,27.96,28.55,27.59,27.92,4323000.0,27.92
2009-05-18,27.47,28.41,26.85,28.28,3237700.0,28.28
2009-05-15,27.7,28.28,26.55,26.76,4490400.0,26.76
2009-05-14,27.41,28.17,27.07,27.75,6479500.0,27.75
2009-05-13,29.04,29.12,27.69,27.95,5660800.0,27.95
2009-05-12,30.16,30.38,28.57,29.5,5426000.0,29.5
2009-05-11,30.82,30.97,29.33,29.78,3346700.0,29.78
2009-05-08,29.25,32.0,29.25,31.72,5609200.0,31.72
2009-05-07,32.4,32.4,28.8,29.81,6219900.0,29.81
2009-05-06,29.62,30.81,29.45,30.66,5099000.0,30.66
2009-05-05,28.8,29.59,28.2,28.81,3862300.0,28.81
2009-05-04,27.4,28.8,27.1,28.8,4091800.0,28.8
2009-05-01,25.88,27.29,25.73,26.89,3133100.0,26.89
2009-04-30,26.28,27.0,25.43,25.85,5142600.0,25.85
2009-04-29,25.22,26.4,25.15,26.01,4731800.0,26.01
2009-04-28,25.05,25.91,24.8,24.95,6093200.0,24.95
2009-04-27,25.5,26.38,25.27,25.46,7285300.0,25.46
2009-04-24,27.21,28.01,26.98,27.77,7134000.0,27.77
2009-04-23,26.59,27.02,25.86,26.48,5498500.0,26.48
2009-04-22,25.37,26.96,25.2,26.13,5388900.0,26.13
2009-04-21,23.86,25.98,23.59,25.91,6043500.0,25.91
2009-04-20,25.45,25.84,24.0,24.19,4746600.0,24.19
2009-04-17,25.6,26.5,25.41,26.33,5033600.0,26.33
2009-04-16,24.89,25.78,24.44,25.48,4440800.0,25.48
2009-04-15,23.92,24.64,23.86,24.54,3516200.0,24.54
2009-04-14,23.78,25.14,23.54,24.15,5021200.0,24.15
2009-04-13,23.6,24.13,22.79,23.88,3561300.0,23.88
2009-04-09,23.66,24.16,23.43,24.14,4209000.0,24.14
2009-04-08,22.49,23.14,21.54,22.92,4836500.0,22.92
2009-04-07,22.31,22.64,22.09,22.39,3034400.0,22.39
2009-04-06,23.96,23.96,22.48,23.03,4849700.0,23.03
2009-04-03,23.0,24.59,23.0,24.36,6584700.0,24.36
2009-04-02,22.81,23.67,22.51,23.01,5451100.0,23.01
2009-04-01,20.71,22.17,20.5,21.97,4816300.0,21.97
2009-03-31,22.66,22.89,21.35,21.48,8432700.0,21.48
2009-03-30,22.84,23.15,21.89,22.46,5407400.0,22.46
2009-03-27,24.27,24.58,23.1,23.58,6319600.0,23.58
2009-03-26,25.79,26.19,24.69,24.95,7293800.0,24.95
2009-03-25,25.23,26.09,24.16,25.18,6841300.0,25.18
2009-03-24,25.18,25.49,24.36,25.16,4599800.0,25.16
2009-03-23,23.84,25.73,23.46,25.71,6883200.0,25.71
2009-03-20,25.57,25.59,22.53,23.09,9766000.0,23.09
2009-03-19,25.01,25.88,24.65,25.38,8379100.0,25.38
2009-03-18,23.6,24.95,22.84,24.4,6442700.0,24.4
2009-03-17,22.93,23.93,22.35,23.8,5283300.0,23.8
2009-03-16,21.39,23.46,21.15,22.95,8304500.0,22.95
2009-03-13,22.1,22.15,21.12,21.53,3726700.0,21.53
2009-03-12,21.14,21.91,20.4,21.9,5654600.0,21.9
2009-03-11,21.48,22.18,20.45,20.99,5472100.0,20.99
2009-03-10,20.04,22.5,20.03,21.84,10685300.0,21.84
2009-03-09,19.28,20.68,19.01,19.7,4506300.0,19.7
2009-03-06,19.6,20.15,18.94,19.55,7715700.0,19.55
2009-03-05,20.26,20.93,18.43,19.27,8453800.0,19.27
2009-03-04,19.92,21.64,19.92,20.96,6237600.0,20.96
2009-03-03,19.75,20.2,18.97,19.37,5537500.0,19.37
2009-03-02,20.89,21.03,18.75,18.92,6831000.0,18.92
2009-02-27,20.72,22.21,20.37,21.48,8374600.0,21.48
2009-02-26,21.03,22.13,21.03,21.37,7102200.0,21.37
2009-02-25,20.97,21.61,20.14,20.64,7511900.0,20.64
2009-02-24,19.66,21.05,19.44,20.94,5812400.0,20.94
2009-02-23,21.04,21.25,19.36,19.42,5723400.0,19.42
2009-02-20,20.88,21.05,19.69,20.64,8558800.0,20.64
2009-02-19,21.78,22.33,21.24,21.42,7543100.0,21.42
2009-02-18,21.85,22.0,21.05,21.4,8591000.0,21.4
2009-02-17,22.78,22.98,21.28,21.32,7149000.0,21.32
2009-02-13,23.23,24.81,23.23,24.04,5355500.0,24.04
2009-02-12,22.53,23.56,22.2,23.42,5465900.0,23.42
2009-02-11,23.53,24.47,22.44,23.38,5374300.0,23.38
2009-02-10,24.54,25.13,22.85,23.08,5076600.0,23.08
2009-02-09,25.64,26.16,24.32,24.75,5907400.0,24.75
2009-02-06,23.5,25.1,23.5,24.71,5287900.0,24.71
2009-02-05,22.56,24.44,21.91,24.19,6045500.0,24.19
2009-02-04,21.97,23.31,21.97,22.77,4041000.0,22.77
2009-02-03,21.6,21.96,21.0,21.79,4609600.0,21.79
2009-02-02,22.19,22.66,21.14,21.55,6643400.0,21.55
2009-01-30,23.67,23.67,22.38,22.7,8476700.0,22.7
2009-01-29,25.24,25.24,21.8,22.6,11895800.0,22.6
2009-01-28,25.08,26.35,24.92,25.91,6347300.0,25.91
2009-01-27,25.37,25.43,23.75,24.66,5831400.0,24.66
2009-01-26,24.72,26.24,24.56,25.25,6081800.0,25.25
2009-01-23,22.26,25.34,22.13,24.69,8828600.0,24.69
2009-01-22,23.97,24.06,22.83,23.14,5939000.0,23.14
2009-01-21,22.1,24.13,22.0,23.99,5327600.0,23.99
2009-01-20,23.17,24.1,21.6,21.75,4599500.0,21.75
2009-01-16,23.36,24.06,22.86,23.72,4531500.0,23.72
2009-01-15,23.15,23.66,22.17,23.23,5090400.0,23.23
2009-01-14,23.33,23.94,22.9,23.38,4662400.0,23.38
2009-01-13,23.99,24.98,23.54,24.64,3196800.0,24.64
2009-01-12,24.69,24.97,23.63,23.99,2707400.0,23.99
2009-01-09,27.18,27.18,24.8,25.06,3488300.0,25.06
2009-01-08,26.0,27.37,26.0,27.2,3518100.0,27.2
2009-01-07,28.0,28.0,26.24,26.75,3742300.0,26.75
2009-01-06,27.35,29.45,27.35,28.84,6714400.0,28.84
2009-01-05,24.38,27.93,24.37,26.81,5408800.0,26.81
2009-01-02,23.54,25.36,22.86,25.03,3722700.0,25.03
2008-12-31,22.7,23.58,22.24,22.89,3044800.0,22.89
2008-12-30,22.28,22.81,21.72,22.75,3828000.0,22.75
2008-12-29,22.16,22.61,21.59,22.25,1879100.0,22.25
2008-12-26,21.51,21.93,21.35,21.76,1320300.0,21.76
2008-12-24,21.37,21.57,21.1,21.35,1117000.0,21.35
2008-12-23,22.01,22.39,21.14,21.52,3148800.0,21.52
2008-12-22,23.96,23.96,21.54,21.93,2820700.0,21.93
2008-12-19,22.82,23.61,21.63,23.42,4812400.0,23.42
2008-12-18,25.01,25.19,22.01,22.16,4969400.0,22.16
2008-12-17,25.06,26.01,24.61,25.41,3220300.0,25.41
2008-12-16,24.55,25.62,23.96,25.36,3767900.0,25.36
2008-12-15,24.03,25.32,23.77,24.33,3596400.0,24.33
2008-12-12,21.76,23.82,21.76,23.58,4355200.0,23.58
2008-12-11,24.19,25.31,23.38,23.91,5026200.0,23.91
2008-12-10,22.49,23.95,22.49,23.9,3672600.0,23.9
2008-12-09,21.38,23.32,20.85,21.99,5037600.0,21.99
2008-12-08,21.26,22.2,20.73,21.71,6071000.0,21.71
2008-12-05,19.46,19.86,18.23,19.78,5408700.0,19.78
2008-12-04,21.23,21.39,19.3,19.82,6789600.0,19.82
2008-12-03,22.71,23.16,20.47,21.54,8209000.0,21.54
2008-12-02,24.4,24.9,23.04,23.93,4285600.0,23.93
2008-12-01,28.05,28.25,23.58,23.61,4069200.0,23.61
2008-11-28,28.67,29.68,28.22,29.24,1684300.0,29.24
2008-11-26,25.92,29.32,25.92,29.14,3589400.0,29.14
2008-11-25,26.6,27.01,25.39,26.62,3703900.0,26.62
2008-11-24,24.74,26.9,23.73,26.21,4415500.0,26.21
2008-11-21,21.9,23.76,21.0,23.53,6298000.0,23.53
2008-11-20,24.39,24.54,21.1,21.18,5840300.0,21.18
2008-11-19,27.06,28.04,25.05,25.34,4144100.0,25.34
2008-11-18,26.53,27.79,25.92,27.69,5822600.0,27.69
2008-11-17,26.99,27.7,26.2,26.29,5004000.0,26.29
2008-11-14,29.15,29.79,27.1,27.12,6513400.0,27.12
2008-11-13,27.35,30.57,25.57,30.47,5538700.0,30.47
2008-11-12,28.75,28.89,27.12,27.13,3451900.0,27.13
2008-11-11,30.58,31.4,28.68,29.56,3743300.0,29.56
2008-11-10,34.0,34.0,30.7,31.52,3242100.0,31.52
2008-11-07,30.94,32.28,30.57,32.05,2656800.0,32.05
2008-11-06,32.22,33.83,30.25,30.63,3392800.0,30.63
2008-11-05,34.42,35.68,33.19,33.81,4375200.0,33.81
2008-11-04,33.5,35.87,33.28,35.34,4286300.0,35.34
2008-11-03,34.02,34.36,31.81,32.2,4549000.0,32.2
2008-10-31,33.22,35.81,32.27,34.48,3966000.0,34.48
2008-10-30,32.9,34.52,32.35,34.0,4831100.0,34.0
2008-10-29,30.3,34.08,30.3,31.98,6032000.0,31.98
2008-10-28,28.37,29.76,26.5,29.76,7381000.0,29.76
2008-10-27,27.89,29.28,26.23,26.49,5056800.0,26.49
2008-10-24,27.57,29.04,26.85,28.47,4046400.0,28.47
2008-10-23,30.04,30.77,27.54,30.3,5711100.0,30.3
2008-10-22,33.16,33.16,28.21,29.5,5282300.0,29.5
2008-10-21,35.34,35.74,33.32,34.13,5123600.0,34.13
2008-10-20,34.49,36.55,33.99,36.47,4764000.0,36.47
2008-10-17,31.52,36.82,31.27,33.33,7231800.0,33.33
2008-10-16,33.65,34.26,29.57,33.31,9365100.0,33.31
2008-10-15,38.4,39.26,32.58,32.79,5588500.0,32.79
2008-10-14,43.73,46.19,37.57,40.32,5239000.0,40.32
2008-10-13,36.04,42.03,34.96,42.03,6420600.0,42.03
2008-10-10,38.34,39.23,27.55,34.09,14538600.0,34.09
2008-10-09,43.92,46.28,40.85,40.85,4768300.0,40.85
2008-10-08,42.2,46.77,40.33,43.88,6153100.0,43.88
2008-10-07,47.72,49.52,43.52,43.52,6240300.0,43.52
2008-10-06,48.95,49.19,42.47,46.84,5835800.0,46.84
2008-10-03,50.3,53.54,49.44,51.0,5285100.0,51.0
2008-10-02,54.52,54.72,49.77,50.15,4756400.0,50.15
2008-10-01,57.55,57.82,53.96,56.24,3487600.0,56.24
2008-09-30,56.86,59.34,56.86,58.64,3409400.0,58.64
2008-09-29,60.53,61.44,54.69,55.66,4092700.0,55.66
2008-09-26,64.21,65.05,61.55,63.12,2622500.0,63.12
2008-09-25,64.83,66.32,64.18,65.87,2693500.0,65.87
2008-09-24,65.71,65.71,63.48,64.53,2736900.0,64.53
2008-09-23,66.64,67.7,64.02,64.16,3168200.0,64.16
2008-09-22,65.46,68.75,65.46,66.81,3885700.0,66.81
2008-09-19,64.03,67.99,61.51,65.46,5074600.0,65.46
2008-09-18,61.41,62.2,58.0,61.24,5489300.0,61.24
2008-09-17,61.92,62.8,58.38,60.0,5139500.0,60.0
2008-09-16,58.2,62.55,57.08,62.48,5919400.0,62.48
2008-09-15,61.11,63.12,59.35,60.15,4430900.0,60.15
2008-09-12,63.94,65.17,63.23,64.2,4120900.0,64.2
2008-09-11,61.43,63.75,59.55,63.62,5520100.0,63.62
2008-09-10,60.15,61.87,59.0,61.36,5447200.0,61.36
2008-09-09,62.29,63.12,59.19,59.57,5478100.0,59.57
2008-09-08,65.3,66.15,62.87,63.67,7452600.0,63.67
2008-09-05,63.82,64.22,61.42,63.52,3964200.0,63.52
2008-09-04,65.38,65.61,62.51,63.79,4370100.0,63.79
2008-09-03,65.88,67.06,63.7,64.94,4541600.0,64.94
2008-09-02,68.36,68.47,66.04,66.06,5060900.0,66.06
2008-08-29,72.25,72.28,69.7,69.7,7032900.0,69.7
2008-08-28,73.29,73.86,70.22,71.81,3270000.0,71.81
2008-08-27,73.67,74.0,71.47,72.97,3782100.0,72.97
2008-08-26,72.4,73.32,71.8,72.66,2945700.0,72.66
2008-08-25,71.83,73.5,70.57,70.71,4415200.0,70.71
2008-08-22,74.72,74.72,72.5,73.67,2126200.0,73.67
2008-08-21,74.74,75.68,73.58,74.9,3320600.0,74.9
2008-08-20,72.5,74.1,71.79,73.9,3423200.0,73.9
2008-08-19,68.28,71.97,68.28,71.7,7161100.0,71.7
2008-08-18,69.86,70.67,68.08,68.5,3747100.0,68.5
2008-08-15,69.92,71.16,69.6,69.64,4792800.0,69.64
2008-08-14,70.19,72.37,70.19,71.17,2408900.0,71.17
2008-08-13,69.95,72.29,69.44,71.87,4658900.0,71.87
2008-08-12,71.36,71.64,69.6,69.94,2933800.0,69.94
2008-08-11,70.77,71.95,69.63,71.19,3172600.0,71.19
2008-08-08,71.48,71.54,69.03,70.65,3320600.0,70.65
2008-08-07,73.15,75.26,71.74,72.02,2623200.0,72.02
2008-08-06,70.5,73.18,70.5,73.08,3042800.0,73.08
2008-08-05,69.94,70.98,68.77,70.71,4579300.0,70.71
2008-08-04,75.39,75.39,69.24,69.64,4617900.0,69.64
2008-08-01,74.29,76.51,73.81,75.28,3754100.0,75.28
2008-07-31,77.24,77.42,74.13,74.38,3107500.0,74.38
2008-07-30,73.7,77.63,72.68,77.63,4639900.0,77.63
2008-07-29,75.74,76.11,73.43,73.68,3848000.0,73.68
2008-07-28,77.36,77.98,76.02,76.17,3224200.0,76.17
2008-07-25,77.69,77.98,75.79,77.23,3412700.0,77.23
2008-07-24,79.05,79.5,75.11,76.95,6413400.0,76.95
2008-07-23,83.62,84.72,79.33,79.68,6489200.0,79.68
2008-07-22,85.83,86.96,83.07,84.22,4738200.0,84.22
2008-07-21,83.94,86.16,83.0,86.16,3627900.0,86.16
2008-07-18,80.78,83.8,80.75,82.88,5086000.0,82.88
2008-07-17,77.62,81.52,76.86,79.59,5475900.0,79.59
2008-07-16,77.88,78.58,74.33,78.31,4086500.0,78.31
2008-07-15,80.0,81.44,77.65,77.72,3936600.0,77.72
2008-07-14,78.91,81.07,78.4,80.85,3202100.0,80.85
2008-07-11,78.44,79.63,76.55,77.78,3572900.0,77.78
2008-07-10,77.14,78.94,75.18,78.91,2462300.0,78.91
2008-07-09,78.99,79.18,76.41,76.57,4022000.0,76.57
2008-07-08,78.69,79.0,75.61,78.18,4149800.0,78.18
2008-07-07,80.74,82.64,78.25,79.53,3247800.0,79.53
2008-07-03,81.11,84.56,79.9,81.48,3302900.0,81.48
2008-07-02,84.94,88.4,81.04,81.43,4749700.0,81.43
2008-07-01,83.5,85.69,82.37,85.46,5260400.0,85.46
2008-06-30,80.47,83.8,79.9,83.14,4653000.0,83.14
2008-06-27,79.03,80.68,78.51,79.82,2631100.0,79.82
2008-06-26,78.24,79.79,76.69,77.8,2927900.0,77.8
2008-06-25,81.55,81.55,77.54,79.06,3010400.0,79.06
2008-06-24,81.34,82.09,80.29,81.36,2782000.0,81.36
2008-06-23,79.13,81.89,78.56,81.65,2228900.0,81.65
2008-06-20,81.38,81.5,78.81,79.13,2809100.0,79.13
2008-06-19,81.87,83.13,80.74,80.78,3730400.0,80.78
2008-06-18,79.6,81.11,79.35,80.71,2824800.0,80.71
2008-06-17,77.64,79.79,77.4,79.62,2160000.0,79.62
2008-06-16,78.35,79.09,77.85,78.05,2255300.0,78.05
2008-06-13,77.17,78.9,76.86,77.87,2214000.0,77.87
2008-06-12,78.2,78.44,76.95,77.36,2546400.0,77.36
2008-06-11,80.4,81.37,78.73,78.75,2678900.0,78.75
2008-06-10,83.1,83.15,78.88,80.28,3833200.0,80.28
2008-06-09,81.89,84.43,80.76,83.47,3246300.0,83.47
2008-06-06,82.87,85.67,81.13,81.23,3375300.0,81.23
2008-06-05,78.93,82.31,78.93,82.31,3102600.0,82.31
2008-06-04,76.98,80.65,76.67,78.6,5828600.0,78.6
2008-06-03,74.6,79.47,74.16,76.84,8189100.0,76.84
2008-06-02,78.27,79.61,77.36,78.02,2202600.0,78.02
2008-05-30,78.55,79.79,78.29,78.92,2308300.0,78.92
2008-05-29,80.63,81.14,78.03,78.39,3187000.0,78.39
2008-05-28,77.5,81.13,77.31,81.09,2127000.0,81.09
2008-05-27,77.6,78.98,76.59,78.47,2096400.0,78.47
2008-05-23,81.06,81.06,77.19,77.73,2088000.0,77.73
2008-05-22,81.7,81.7,79.09,79.8,2020100.0,79.8
2008-05-21,82.82,84.14,81.08,81.18,2820000.0,81.18
2008-05-20,82.49,83.14,81.68,82.97,2922600.0,82.97
2008-05-19,83.34,84.46,81.84,82.36,2728800.0,82.36
2008-05-16,82.04,83.34,81.35,82.8,2977400.0,82.8
2008-05-15,80.76,81.43,78.54,80.99,3124400.0,80.99
2008-05-14,81.75,82.3,79.61,79.8,2564700.0,79.8
2008-05-13,81.53,82.42,79.16,82.15,2704400.0,82.15
2008-05-12,80.63,81.57,78.52,81.24,2547200.0,81.24
2008-05-09,81.74,81.82,78.71,80.75,2104900.0,80.75
2008-05-08,78.7,81.7,78.35,81.7,2138200.0,81.7
2008-05-07,81.64,81.64,78.46,78.84,2176200.0,78.84
2008-05-06,77.94,81.73,77.68,81.07,3452200.0,81.07
2008-05-05,75.73,78.89,75.73,78.1,2491900.0,78.1
2008-05-02,75.39,76.13,74.73,75.61,2015700.0,75.61
2008-05-01,76.03,76.44,72.89,74.59,3188500.0,74.59
2008-04-30,76.43,77.72,75.2,76.51,2990800.0,76.51
2008-04-29,76.67,77.34,75.42,76.02,1977400.0,76.02
2008-04-28,78.33,79.28,76.48,77.62,1837600.0,77.62
2008-04-25,77.18,78.86,75.85,77.96,2348200.0,77.96
2008-04-24,76.23,77.03,73.95,75.99,2069400.0,75.99
2008-04-23,77.31,78.15,75.93,77.72,3883400.0,77.72
2008-04-22,77.71,77.89,74.66,76.69,3493900.0,76.69
2008-04-21,76.87,78.42,75.78,78.01,2862300.0,78.01
2008-04-18,73.0,77.6,71.07,76.94,4686100.0,76.94
2008-04-17,70.63,72.54,69.89,72.5,2947300.0,72.5
2008-04-16,69.47,70.83,68.26,70.7,3591200.0,70.7
2008-04-15,69.45,69.8,68.26,69.3,2558700.0,69.3
2008-04-14,68.09,69.36,67.62,68.87,2264700.0,68.87
2008-04-11,68.01,68.72,67.47,67.77,3938600.0,67.77
2008-04-10,70.63,70.81,69.28,70.02,3692300.0,70.02
2008-04-09,69.76,71.23,69.76,70.42,3142900.0,70.42
2008-04-08,69.54,71.82,69.51,70.13,3299200.0,70.13
2008-04-07,70.48,72.1,70.04,70.24,3832000.0,70.24
2008-04-04,69.96,70.87,69.61,69.83,2660300.0,69.83
2008-04-03,68.51,71.02,68.51,69.71,2921800.0,69.71
2008-04-02,67.05,70.89,66.76,69.91,4857900.0,69.91
2008-04-01,64.24,67.02,62.59,67.02,3773400.0,67.02
2008-03-31,63.19,65.14,62.78,64.23,3097800.0,64.23
2008-03-28,62.25,63.59,61.25,62.43,2435900.0,62.43
2008-03-27,63.11,63.42,61.57,62.33,2478500.0,62.33
2008-03-26,61.26,63.26,61.26,62.7,3170100.0,62.7
2008-03-25,61.3,62.36,60.67,61.46,2179100.0,61.46
2008-03-24,59.64,61.39,59.64,60.7,2448200.0,60.7
2008-03-20,59.08,61.0,57.56,59.61,3511400.0,59.61
2008-03-19,63.55,63.81,59.64,59.64,2701700.0,59.64
2008-03-18,61.02,63.63,60.92,63.63,1944600.0,63.63
2008-03-17,61.06,62.21,58.58,60.24,2910800.0,60.24
2008-03-14,63.44,63.69,60.98,63.1,2715800.0,63.1
2008-03-13,61.34,63.61,59.66,63.39,2194400.0,63.39
2008-03-12,62.94,63.62,61.26,61.5,2041500.0,61.5
2008-03-11,60.68,62.93,60.14,62.92,2808500.0,62.92
2008-03-10,61.44,61.76,59.13,59.45,2238300.0,59.45
2008-03-07,63.96,63.96,60.47,61.45,2745800.0,61.45
2008-03-06,64.14,65.29,63.35,63.79,2844500.0,63.79
2008-03-05,62.94,64.19,62.55,64.13,2721400.0,64.13
2008-03-04,62.1,63.29,60.89,62.02,2562400.0,62.02
2008-03-03,62.82,63.7,61.68,62.81,3053300.0,62.81
2008-02-29,64.87,65.82,62.33,63.03,3096900.0,63.03
2008-02-28,64.58,66.7,64.58,65.75,1975800.0,65.75
2008-02-27,65.35,65.99,64.74,64.92,1627000.0,64.92
2008-02-26,63.19,66.16,62.97,65.87,3146600.0,65.87
2008-02-25,62.33,64.46,61.53,63.5,3256600.0,63.5
2008-02-22,61.83,62.46,60.04,62.33,1875300.0,62.33
2008-02-21,63.59,63.89,61.11,61.46,2580900.0,61.46
2008-02-20,62.3,63.84,61.52,63.69,2431800.0,63.69
2008-02-19,62.29,63.65,62.0,62.73,2222000.0,62.73
2008-02-15,61.27,61.44,59.69,60.52,2134200.0,60.52
2008-02-14,61.34,62.55,60.89,61.21,2440300.0,61.21
2008-02-13,58.01,61.44,58.01,61.27,3433300.0,61.27
2008-02-12,58.95,60.26,57.08,57.82,3995700.0,57.82
2008-02-11,57.56,59.95,57.33,59.85,3245000.0,59.85
2008-02-08,55.98,58.11,55.69,57.64,3715700.0,57.64
2008-02-07,55.11,56.97,54.3,56.18,3586700.0,56.18
2008-02-06,55.99,56.43,55.22,55.31,4626700.0,55.31
2008-02-05,56.75,56.8,55.37,55.63,5395400.0,55.63
2008-02-04,56.52,58.68,55.23,57.68,5106400.0,57.68
2008-02-01,54.13,56.17,53.39,55.98,3691700.0,55.98
2008-01-31,54.79,55.3,53.87,54.08,6600400.0,54.08
2008-01-30,57.0,57.51,54.21,55.56,7033400.0,55.56
2008-01-29,57.75,57.75,54.09,56.86,12017300.0,56.86
2008-01-28,61.53,62.81,59.98,62.04,3493200.0,62.04
2008-01-25,62.43,64.76,61.02,61.98,3675400.0,61.98
2008-01-24,59.75,62.47,59.53,61.83,4768200.0,61.83
2008-01-23,56.31,59.72,54.15,59.56,6615100.0,59.56
2008-01-22,53.48,59.7,53.48,58.13,5543700.0,58.13
2008-01-18,60.94,60.94,55.77,58.61,8021200.0,58.61
2008-01-17,63.91,65.73,60.02,60.5,5880000.0,60.5
2008-01-16,64.5,66.14,62.89,63.9,5574300.0,63.9
2008-01-15,67.98,67.98,64.5,64.9,4149300.0,64.9
2008-01-14,68.17,69.83,67.87,69.57,1530900.0,69.57
2008-01-11,69.53,70.7,67.57,67.79,2626500.0,67.79
2008-01-10,70.36,70.6,68.89,70.16,2775663.0,70.16
2008-01-09,69.9,71.27,69.07,71.09,2504300.0,71.09
2008-01-08,71.01,71.95,69.71,70.0,3148500.0,70.0
2008-01-07,72.28,72.68,69.44,70.61,4057300.0,70.61
2008-01-04,75.07,75.07,72.06,72.45,2362800.0,72.45
2008-01-03,75.24,76.89,74.94,75.5,2395600.0,75.5
2008-01-02,74.46,75.91,73.46,74.74,2978700.0,74.74
2007-12-31,75.39,75.39,73.43,73.85,1562900.0,73.85
2007-12-28,74.1,75.42,73.9,75.34,1396800.0,75.34
2007-12-27,74.06,74.84,73.37,73.55,1113800.0,73.55
2007-12-26,73.13,74.9,72.6,74.63,1457200.0,74.63
2007-12-24,73.95,74.08,73.02,73.62,750800.0,73.62
2007-12-21,72.0,74.44,71.81,74.27,2700100.0,74.27
2007-12-20,70.22,71.85,69.65,71.43,1777000.0,71.43
2007-12-19,68.67,71.27,67.94,70.27,3356400.0,70.27
2007-12-18,66.73,68.43,65.85,68.18,2401600.0,68.18
2007-12-17,67.41,68.08,65.99,66.12,2807200.0,66.12
2007-12-14,68.23,68.69,67.53,67.84,2160800.0,67.84
2007-12-13,68.19,68.88,67.09,68.83,1297400.0,68.83
2007-12-12,68.78,69.57,67.71,68.73,1637500.0,68.73
2007-12-11,68.72,69.73,66.22,66.57,2268200.0,66.57
2007-12-10,66.98,69.15,66.88,68.58,1511100.0,68.58
2007-12-07,67.5,67.92,66.52,66.93,1434200.0,66.93
2007-12-06,65.38,67.77,65.0,67.69,1786500.0,67.69
2007-12-05,65.0,66.53,64.66,65.19,1965400.0,65.19
2007-12-04,63.62,64.58,62.75,64.53,3239000.0,64.53
2007-12-03,62.98,64.37,62.36,63.87,2269200.0,63.87
2007-11-30,64.0,64.22,62.12,62.72,2275300.0,62.72
2007-11-29,61.91,64.11,61.84,63.53,2341000.0,63.53
2007-11-28,61.0,62.43,61.0,61.81,2316200.0,61.81
2007-11-27,61.37,61.41,59.46,60.65,2913500.0,60.65
2007-11-26,64.0,64.89,61.54,61.86,1890800.0,61.86
2007-11-23,62.2,64.1,61.75,63.86,960700.0,63.86
2007-11-21,63.14,63.89,61.46,61.97,2718100.0,61.97
2007-11-20,60.9,64.47,60.9,64.02,2978600.0,64.02
2007-11-19,62.39,62.39,60.34,60.77,2179700.0,60.77
2007-11-16,61.58,62.27,60.02,62.05,2978200.0,62.05
2007-11-15,63.2,63.69,60.03,60.58,2831400.0,60.58
2007-11-14,62.55,64.68,62.55,63.03,2706000.0,63.03
2007-11-13,59.87,62.31,59.12,62.05,2836600.0,62.05
2007-11-12,62.81,62.81,58.91,59.25,3510200.0,59.25
2007-11-09,64.07,64.9,62.5,63.07,2069300.0,63.07
2007-11-08,65.73,66.21,63.33,64.83,2542700.0,64.83
2007-11-07,68.4,68.4,64.86,64.87,2507600.0,64.87
2007-11-06,66.42,68.48,65.97,68.44,2122100.0,68.44
2007-11-05,65.79,66.6,65.25,66.14,1726300.0,66.14
2007-11-02,64.7,67.15,64.2,66.51,2749900.0,66.51
2007-11-01,65.08,66.66,63.38,63.89,3074200.0,63.89
2007-10-31,64.56,66.31,63.1,66.05,3331400.0,66.05
2007-10-30,66.58,66.81,64.16,64.25,2587600.0,64.25
2007-10-29,66.99,67.56,66.32,67.2,1733300.0,67.2
2007-10-26,67.09,67.43,65.31,66.32,3364800.0,66.32
2007-10-25,68.35,68.62,65.05,66.75,4118400.0,66.75
2007-10-24,67.62,68.62,65.99,68.32,3598200.0,68.32
2007-10-23,65.11,66.77,63.46,66.77,3931600.0,66.77
2007-10-22,62.68,65.2,62.25,64.24,4246400.0,64.24
2007-10-19,69.05,69.05,63.23,63.63,8188000.0,63.63
2007-10-18,70.29,71.92,70.0,71.03,2116500.0,71.03
2007-10-17,72.81,73.08,69.5,70.77,3211100.0,70.77
2007-10-16,74.71,74.71,72.31,72.58,2901300.0,72.58
2007-10-15,75.01,76.99,74.24,74.64,2197000.0,74.64
2007-10-12,73.51,74.56,72.78,74.1,1632500.0,74.1
2007-10-11,74.17,76.95,72.64,73.58,3387200.0,73.58
2007-10-10,70.4,73.82,70.4,73.65,2353600.0,73.65
2007-10-09,69.85,71.51,69.12,71.32,1739600.0,71.32
2007-10-08,70.11,70.22,68.91,69.06,1660500.0,69.06
2007-10-05,71.44,71.5,69.95,70.78,1719300.0,70.78
2007-10-04,69.79,71.24,68.35,70.94,2139400.0,70.94
2007-10-03,71.3,71.57,70.0,70.84,2231100.0,70.84
2007-10-02,71.95,72.2,69.52,71.24,3247500.0,71.24
2007-10-01,71.36,72.86,70.58,72.76,1873700.0,72.76
2007-09-28,72.71,72.87,71.13,71.4,1564000.0,71.4
2007-09-27,71.72,72.15,70.22,72.01,1961300.0,72.01
2007-09-26,72.06,72.43,69.86,70.78,2815300.0,70.78
2007-09-25,71.59,71.98,70.59,71.57,1962700.0,71.57
2007-09-24,73.9,74.25,72.05,72.34,2131200.0,72.34
2007-09-21,72.11,74.35,71.98,74.0,2689000.0,74.0
2007-09-20,71.21,72.3,70.55,71.98,1638200.0,71.98
2007-09-19,70.55,71.34,70.18,71.08,2154700.0,71.08
2007-09-18,67.85,69.82,66.75,69.65,2576900.0,69.65
2007-09-17,67.15,67.87,66.66,67.4,1830000.0,67.4
2007-09-14,67.47,67.9,65.87,67.5,3545800.0,67.5
2007-09-13,69.27,69.38,67.45,68.57,2508400.0,68.57
2007-09-12,69.33,69.92,68.43,68.85,3060600.0,68.85
2007-09-11,67.89,71.15,67.83,70.24,3559600.0,70.24
2007-09-10,66.65,67.98,65.75,67.41,2296400.0,67.41
2007-09-07,68.39,68.62,67.25,67.65,2499200.0,67.65
2007-09-06,68.25,69.66,68.25,69.13,2141300.0,69.13
2007-09-05,68.08,68.59,67.2,68.25,2064300.0,68.25
2007-09-04,67.27,68.9,66.54,68.17,2761000.0,68.17
2007-08-31,66.29,67.65,65.44,67.01,2289000.0,67.01
2007-08-30,63.6,65.52,63.4,65.25,2765100.0,65.25
2007-08-29,62.05,64.22,61.65,64.06,2635700.0,64.06
2007-08-28,62.1,62.43,61.18,61.51,1659700.0,61.51
2007-08-27,62.98,63.43,62.02,62.74,1305100.0,62.74
2007-08-24,62.0,63.2,62.0,63.04,1722100.0,63.04
2007-08-23,61.23,62.36,60.42,61.96,2194000.0,61.96
2007-08-22,60.96,61.07,59.81,60.49,2257700.0,60.49
2007-08-21,59.79,61.02,59.32,59.78,2134300.0,59.78
2007-08-20,59.48,60.76,58.13,60.12,2872479.0,60.12
2007-08-17,58.96,59.99,57.5,59.3,4606600.0,59.3
2007-08-16,57.56,58.89,54.08,58.06,5357600.0,58.06
2007-08-15,60.51,61.33,57.84,58.18,3200200.0,58.18
2007-08-14,62.3,62.58,60.05,60.1,2686400.0,60.1
2007-08-13,63.85,63.85,61.2,61.74,2987800.0,61.74
2007-08-10,59.75,62.81,59.51,62.25,4068900.0,62.25
2007-08-09,56.62,63.28,56.62,60.44,5752600.0,60.44
2007-08-08,58.7,62.94,58.41,61.38,5698500.0,61.38
2007-08-07,56.2,59.12,55.74,58.2,3953900.0,58.2
2007-08-06,57.02,57.37,54.25,56.86,4287500.0,56.86
2007-08-03,58.39,59.55,56.76,56.91,4144100.0,56.91
2007-08-02,60.93,61.18,58.12,58.71,4435400.0,58.71
2007-08-01,60.18,62.01,58.91,60.18,3857300.0,60.18
2007-07-31,62.44,62.8,61.33,61.41,2746100.0,61.41
2007-07-30,60.4,62.17,59.53,61.94,3107100.0,61.94
2007-07-27,61.07,62.97,60.01,60.4,3841300.0,60.4
2007-07-26,62.5,63.84,60.17,61.33,4664900.0,61.33
2007-07-25,62.07,63.67,60.95,63.34,4198300.0,63.34
2007-07-24,63.99,63.99,60.5,60.85,3803400.0,60.85
2007-07-23,65.73,65.74,63.77,64.69,3431000.0,64.69
2007-07-20,62.07,64.61,62.07,64.41,3408700.0,64.41
2007-07-19,62.92,63.55,62.11,63.46,1799200.0,63.46
2007-07-18,60.96,62.3,60.66,62.11,2530500.0,62.11
2007-07-17,61.96,62.85,60.73,60.89,2704100.0,60.89
2007-07-16,61.16,62.74,60.8,61.33,2393800.0,61.33
2007-07-13,60.85,62.0,60.45,61.67,2474100.0,61.67
2007-07-12,60.93,61.97,59.98,61.97,2034200.0,61.97
2007-07-11,60.0,60.5,59.48,59.98,2231200.0,59.98
2007-07-10,61.0,61.62,60.15,60.82,1916400.0,60.82
2007-07-09,61.28,62.0,60.81,61.0,2195800.0,61.0
2007-07-06,60.8,61.54,60.55,60.85,1742600.0,60.85
2007-07-05,60.65,61.06,59.36,60.37,1879000.0,60.37
2007-07-03,59.71,60.45,59.5,60.31,772000.0,60.31
2007-07-02,58.16,59.47,58.16,59.46,1662000.0,59.46
2007-06-29,59.08,59.79,58.28,58.64,1842900.0,58.64
2007-06-28,59.81,60.77,58.03,58.28,2177200.0,58.28
2007-06-27,57.45,59.16,56.91,59.12,3025300.0,59.12
2007-06-26,58.58,58.58,57.32,57.54,2954600.0,57.54
2007-06-25,59.48,59.53,57.88,58.35,3379000.0,58.35
2007-06-22,58.99,60.82,58.68,59.94,3154800.0,59.94
2007-06-21,59.01,60.49,58.73,60.43,2958200.0,60.43
2007-06-20,60.17,60.43,58.58,58.61,2546300.0,58.61
2007-06-19,59.23,60.41,59.23,60.17,2265200.0,60.17
2007-06-18,60.6,60.73,59.27,59.78,2547900.0,59.78
2007-06-15,59.97,60.41,59.7,60.25,3354300.0,60.25
2007-06-14,58.36,59.68,57.51,59.43,2820600.0,59.43
2007-06-13,56.78,58.25,56.32,58.23,1995700.0,58.23
2007-06-12,57.21,57.21,55.96,56.0,1561500.0,56.0
2007-06-11,56.22,57.64,55.63,57.21,1685200.0,57.21
2007-06-08,55.3,56.25,54.77,56.0,1983300.0,56.0
2007-06-07,56.3,57.1,55.34,55.34,2283500.0,55.34
2007-06-06,58.0,58.27,56.41,56.6,2737100.0,56.6
2007-06-05,58.26,58.35,57.18,58.27,2257500.0,58.27
2007-06-04,55.38,58.61,55.25,58.4,3530700.0,58.4
2007-06-01,55.95,56.23,55.4,55.63,1431300.0,55.63
2007-05-31,55.94,56.47,55.04,55.51,2203500.0,55.51
2007-05-30,53.89,55.87,53.61,55.86,2293100.0,55.86
2007-05-29,54.65,54.86,53.82,54.34,1847000.0,54.34
2007-05-25,54.51,55.01,54.34,54.64,1808200.0,54.64
2007-05-24,55.34,56.2,53.51,53.75,2219000.0,53.75
2007-05-23,55.27,56.34,54.9,55.34,2812200.0,55.34
2007-05-22,56.16,56.25,54.83,54.9,2525200.0,54.9
2007-05-21,55.17,56.55,54.7,55.86,2636900.0,55.86
2007-05-18,53.6,55.13,53.41,55.13,3883200.0,55.13
2007-05-17,53.97,54.74,52.65,54.48,3159100.0,54.48
2007-05-16,53.49,53.49,51.82,53.04,2702500.0,53.04
2007-05-15,52.88,54.22,52.36,53.22,2789600.0,53.22
2007-05-14,52.68,53.55,52.38,52.79,2324400.0,52.79
2007-05-11,51.38,52.76,51.28,52.74,2192700.0,52.74
2007-05-10,52.8,52.91,51.08,51.2,2429800.0,51.2
2007-05-09,52.37,52.67,51.39,52.53,2355000.0,52.53
2007-05-08,52.3,52.36,51.04,52.33,2803000.0,52.33
2007-05-07,51.91,52.39,51.25,52.35,1787600.0,52.35
2007-05-04,53.24,53.38,51.54,51.97,3548000.0,51.97
2007-05-03,52.26,52.76,51.83,52.34,2330000.0,52.34
2007-05-02,52.47,52.61,51.67,52.26,2695400.0,52.26
2007-05-01,52.45,52.9,51.57,52.15,2901000.0,52.15
2007-04-30,53.15,54.3,52.44,52.44,3507800.0,52.44
2007-04-27,52.06,53.28,51.52,52.94,3016900.0,52.94
2007-04-26,52.46,52.71,51.34,52.14,3270200.0,52.14
2007-04-25,51.6,52.31,51.06,52.27,2533200.0,52.27
2007-04-24,50.44,50.92,50.21,50.87,1843900.0,50.87
2007-04-23,50.1,51.18,50.0,50.44,1803000.0,50.44
2007-04-20,49.87,50.27,49.51,50.1,2721100.0,50.1
2007-04-19,50.0,50.09,49.31,49.33,3138100.0,49.33
2007-04-18,50.37,51.32,49.51,50.15,4891700.0,50.15
2007-04-17,52.35,52.94,51.54,51.65,3567300.0,51.65
2007-04-16,51.57,52.23,50.8,52.18,2489000.0,52.18
2007-04-13,51.37,51.89,51.07,51.57,1727800.0,51.57
2007-04-12,50.73,51.38,50.09,51.32,1936400.0,51.32
2007-04-11,50.18,51.11,49.26,50.5,2608800.0,50.5
2007-04-10,49.3,50.26,49.29,50.25,2092200.0,50.25
2007-04-09,49.55,49.83,48.89,49.29,4477200.0,49.29
2007-04-05,49.13,50.15,48.92,49.55,2562000.0,49.55
2007-04-04,49.39,49.4,48.6,49.0,2496800.0,49.0
2007-04-03,49.15,49.57,48.53,49.4,2558000.0,49.4
2007-04-02,48.2,49.24,47.68,49.2,2619700.0,49.2
2007-03-30,48.57,48.57,47.91,48.05,2428700.0,48.05
2007-03-29,48.15,48.86,47.75,48.57,2553600.0,48.57
2007-03-28,49.05,49.05,47.54,47.81,4182900.0,47.81
2007-03-27,48.37,48.42,47.77,48.4,2779100.0,48.4
2007-03-26,48.24,48.65,47.37,48.37,2929500.0,48.37
2007-03-23,47.62,48.17,47.37,48.08,2616700.0,48.08
2007-03-22,47.44,47.99,46.73,47.65,4203600.0,47.65
2007-03-21,45.1,47.44,45.01,46.89,4207900.0,46.89
2007-03-20,45.33,45.42,44.31,44.89,3830400.0,44.89
2007-03-19,44.6,45.67,44.46,45.49,3167000.0,45.49
2007-03-16,44.29,44.53,43.7,44.1,2481000.0,44.1
2007-03-15,44.5,44.59,43.65,44.0,3104700.0,44.0
2007-03-14,43.81,44.8,43.49,44.53,4419200.0,44.53
2007-03-13,43.75,44.48,43.32,43.46,3078900.0,43.46
2007-03-12,43.37,44.2,43.0,43.96,2409600.0,43.96
2007-03-09,43.9,43.9,42.97,43.6,2196900.0,43.6
2007-03-08,44.0,44.15,43.2,43.56,2856500.0,43.56
2007-03-07,41.95,44.21,41.94,43.5,4702600.0,43.5
2007-03-06,41.56,42.18,41.45,41.85,2541500.0,41.85
2007-03-05,40.78,41.49,39.5,41.02,4174600.0,41.02
2007-03-02,41.69,41.87,40.9,41.12,2822900.0,41.12
2007-03-01,40.25,42.48,39.85,41.69,7405600.0,41.69
2007-02-28,40.84,41.32,40.15,41.0,3993700.0,41.0
2007-02-27,41.05,42.13,40.39,40.83,3498800.0,40.83
2007-02-26,42.48,42.92,42.32,42.49,2030900.0,42.49
2007-02-23,42.4,42.59,42.01,42.1,2054600.0,42.1
2007-02-22,41.39,42.18,41.07,42.15,1876900.0,42.15
2007-02-21,40.49,41.53,40.44,41.43,2845400.0,41.43
2007-02-20,40.59,40.64,39.96,40.48,2214200.0,40.48
2007-02-16,40.74,41.18,40.37,40.76,1803700.0,40.76
2007-02-15,41.15,41.16,40.56,40.78,3069500.0,40.78
2007-02-14,41.61,42.27,41.32,41.52,1706600.0,41.52
2007-02-13,41.03,41.69,40.92,41.62,1582000.0,41.62
2007-02-12,41.18,41.19,40.6,40.78,2681700.0,40.78
2007-02-09,41.11,41.65,41.01,41.27,2816100.0,41.27
2007-02-08,40.81,41.36,40.4,41.1,2252200.0,41.1
2007-02-07,40.92,41.3,40.55,40.8,2409600.0,40.8
2007-02-06,40.95,41.0,40.53,40.93,2475300.0,40.93
2007-02-05,40.54,40.83,40.39,40.51,1790100.0,40.51
2007-02-02,40.01,40.55,39.75,40.3,2298700.0,40.3
2007-02-01,39.95,40.29,39.49,39.9,2788600.0,39.9
2007-01-31,39.53,40.08,38.93,39.68,3084400.0,39.68
2007-01-30,38.71,39.73,38.03,39.53,4323200.0,39.53
2007-01-29,39.06,39.41,38.36,38.75,2508400.0,38.75
2007-01-26,39.5,39.99,38.99,39.21,1699800.0,39.21
2007-01-25,39.98,40.19,39.04,39.26,2011400.0,39.26
2007-01-24,39.62,40.3,39.34,40.14,2316000.0,40.14
2007-01-23,38.65,40.04,38.65,39.88,3454300.0,39.88
2007-01-22,39.14,39.22,38.1,38.39,3104200.0,38.39
2007-01-19,37.6,38.89,37.35,38.8,3811600.0,38.8
2007-01-18,37.51,37.85,36.76,37.12,3262100.0,37.12
2007-01-17,36.75,37.53,36.49,37.5,3840800.0,37.5
2007-01-16,37.0,37.3,36.49,36.81,2215200.0,36.81
2007-01-12,36.46,37.26,36.26,37.0,3491900.0,37.0
2007-01-11,36.78,37.46,36.13,36.21,3532300.0,36.21
2007-01-10,37.79,37.79,36.44,36.79,3000900.0,36.79
2007-01-09,36.9,37.78,36.42,37.2,3028400.0,37.2
2007-01-08,37.6,38.49,37.27,37.49,2628900.0,37.49
2007-01-05,37.5,37.83,36.8,37.12,4418300.0,37.12
2007-01-04,39.95,39.95,37.43,37.5,5125700.0,37.5
2007-01-03,41.07,41.07,38.93,39.15,5025900.0,39.15
2006-12-29,41.35,41.39,40.95,41.07,1737500.0,41.07
2006-12-28,41.49,41.96,41.22,41.46,1181100.0,41.46
2006-12-27,41.24,41.76,40.81,41.68,1247400.0,41.68
2006-12-26,41.55,42.02,40.99,41.37,1456800.0,41.37
2006-12-22,41.19,42.08,41.19,41.65,1681000.0,41.65
2006-12-21,42.17,42.4,41.58,41.95,1903600.0,41.95
2006-12-20,42.77,43.18,42.1,42.17,1267800.0,42.17
2006-12-19,41.92,43.34,41.61,42.93,2145100.0,42.93
2006-12-18,43.88,43.9,42.19,42.33,2600000.0,42.33
2006-12-15,44.12,44.41,43.83,44.02,1951000.0,44.02
2006-12-14,43.94,44.68,43.94,44.11,3003100.0,44.11
2006-12-13,43.33,44.01,43.13,43.69,2368000.0,43.69
2006-12-12,43.09,43.66,42.62,43.09,1900000.0,43.09
2006-12-11,43.09,43.43,42.65,43.1,2241300.0,43.1
2006-12-08,43.35,43.69,42.78,43.19,1602500.0,43.19
2006-12-07,42.95,43.21,42.38,42.78,1390300.0,42.78
2006-12-06,42.83,43.37,42.68,42.92,1761900.0,42.92
2006-12-05,43.3,43.7,42.52,43.05,1811700.0,43.05
2006-12-04,42.91,43.2,42.43,43.2,2159400.0,43.2
2006-12-01,42.18,42.98,41.8,42.9,2889600.0,42.9
2006-11-30,42.47,42.79,41.79,42.36,3206600.0,42.36
2006-11-29,40.79,42.73,40.64,42.6,2919200.0,42.6
2006-11-28,40.01,40.85,40.01,40.5,1729800.0,40.5
2006-11-27,40.87,40.97,39.81,39.91,2144300.0,39.91
2006-11-24,41.9,41.9,40.7,40.8,666000.0,40.8
2006-11-22,40.55,41.45,40.28,41.09,2914000.0,41.09
2006-11-21,39.98,40.72,39.81,40.54,2149800.0,40.54
2006-11-20,39.8,40.16,39.36,39.76,2737400.0,39.76
2006-11-17,40.02,40.27,39.46,40.02,2769600.0,40.02
2006-11-16,41.38,41.74,40.02,40.02,2410100.0,40.02
2006-11-15,40.52,41.91,40.5,41.3,2390300.0,41.3
2006-11-14,40.43,40.49,39.86,40.44,1571200.0,40.44
2006-11-13,39.5,40.49,38.8,40.03,2405600.0,40.03
2006-11-10,41.17,41.18,39.79,40.11,2431500.0,40.11
2006-11-09,41.63,42.38,41.0,41.22,2449000.0,41.22
2006-11-08,41.24,41.55,40.4,41.53,2668300.0,41.53
2006-11-07,40.89,40.89,40.06,40.68,1813000.0,40.68
2006-11-06,40.38,41.0,39.93,40.88,2365900.0,40.88
2006-11-03,39.45,40.7,39.43,40.38,2829100.0,40.38
2006-11-02,38.6,39.64,38.37,39.12,2715000.0,39.12
2006-11-01,39.45,39.74,38.24,38.64,2852000.0,38.64
2006-10-31,38.77,39.61,38.21,39.48,2431500.0,39.48
2006-10-30,39.21,39.58,38.66,38.77,2230300.0,38.77
2006-10-27,39.68,40.33,39.12,39.21,2799200.0,39.21
2006-10-26,40.52,40.7,39.44,40.1,2516900.0,40.1
2006-10-25,38.4,40.78,38.4,39.99,3564000.0,39.99
2006-10-24,38.74,39.9,37.93,39.83,3412400.0,39.83
2006-10-23,38.08,39.09,37.34,38.22,2782400.0,38.22
2006-10-20,39.34,39.35,38.31,38.49,3511200.0,38.49
2006-10-19,38.51,39.32,38.08,39.25,1955200.0,39.25
2006-10-18,38.67,38.86,37.51,38.09,2512500.0,38.09
2006-10-17,39.34,39.4,38.35,38.63,3298400.0,38.63
2006-10-16,38.21,39.57,38.21,39.5,2316500.0,39.5
2006-10-13,38.77,39.14,38.3,38.38,2767900.0,38.38
2006-10-12,37.76,38.42,37.34,38.4,2933700.0,38.4
2006-10-11,38.01,38.17,37.21,37.45,2751000.0,37.45
2006-10-10,37.55,38.61,37.04,38.22,2940900.0,38.22
2006-10-09,38.56,38.84,37.39,37.55,2674100.0,37.55
2006-10-06,37.7,38.51,37.24,38.3,3839100.0,38.3
2006-10-05,37.83,38.37,37.4,38.0,4460700.0,38.0
2006-10-04,36.07,37.06,35.43,36.94,5300300.0,36.94
2006-10-03,36.44,36.5,35.67,35.96,6304000.0,35.96
2006-10-02,38.7,38.7,37.04,37.23,5458000.0,37.23
2006-09-29,38.44,39.1,37.7,38.8,28519600.0,38.8
2006-09-28,38.75,39.16,38.16,38.44,6207500.0,38.44
2006-09-27,37.5,37.64,36.53,37.37,3614600.0,37.37
2006-09-26,36.05,37.27,35.7,36.85,3306500.0,36.85
2006-09-25,35.67,36.37,34.87,36.2,3293800.0,36.2
2006-09-22,37.0,37.29,35.82,36.12,2350100.0,36.12
2006-09-21,36.45,37.23,36.17,36.83,3559600.0,36.83
2006-09-20,37.65,38.1,36.23,36.3,3089300.0,36.3
2006-09-19,38.37,38.63,37.05,37.72,2346500.0,37.72
2006-09-18,37.13,38.26,37.11,38.15,2521700.0,38.15
2006-09-15,37.25,37.4,36.75,36.99,3166700.0,36.99
2006-09-14,38.45,38.79,37.09,37.25,2749500.0,37.25
2006-09-13,38.17,39.2,38.17,38.64,4544900.0,38.64
2006-09-12,39.04,39.6,37.92,38.2,3532500.0,38.2
2006-09-11,40.7,40.71,38.91,39.07,4075100.0,39.07
2006-09-08,42.96,43.13,41.0,41.0,2039300.0,41.0
2006-09-07,42.63,43.14,41.67,42.74,2775300.0,42.74
2006-09-06,43.8,44.44,42.68,42.8,2095700.0,42.8
2006-09-05,42.63,44.53,42.32,44.47,2265700.0,44.47
2006-09-01,42.06,42.75,41.6,42.62,1653600.0,42.62
2006-08-31,42.33,43.11,41.85,41.97,1782400.0,41.97
2006-08-30,42.93,42.94,41.41,42.32,1955300.0,42.32
2006-08-29,41.93,43.04,41.36,42.93,1909700.0,42.93
2006-08-28,42.41,42.78,41.83,41.99,1546300.0,41.99
2006-08-25,43.19,43.77,42.87,43.2,1292600.0,43.2
2006-08-24,42.55,43.05,42.35,42.96,1231100.0,42.96
2006-08-23,43.72,43.72,42.53,42.72,1621200.0,42.72
2006-08-22,43.44,43.95,43.37,43.72,1069800.0,43.72
2006-08-21,43.4,43.85,43.28,43.64,1100100.0,43.64
2006-08-18,43.04,43.34,42.3,43.26,1786200.0,43.26
2006-08-17,43.4,43.41,41.95,42.51,1845600.0,42.51
2006-08-16,43.51,44.29,43.16,43.65,1949900.0,43.65
2006-08-15,43.26,43.37,42.1,43.3,1608800.0,43.3
2006-08-14,42.92,43.25,42.31,42.66,1512600.0,42.66
2006-08-11,44.28,44.28,42.77,43.31,1585500.0,43.31
2006-08-10,43.73,44.28,43.08,44.27,1688200.0,44.27
2006-08-09,44.89,45.33,43.78,43.91,1666900.0,43.91
2006-08-08,44.56,45.4,44.02,44.41,2648200.0,44.41
2006-08-07,44.68,45.31,43.83,44.56,2624200.0,44.56
2006-08-04,46.0,46.26,43.66,44.29,2284400.0,44.29
2006-08-03,44.79,46.48,44.35,45.97,3421200.0,45.97
2006-08-02,45.1,45.94,44.42,45.2,2672000.0,45.2
2006-08-01,44.35,44.78,43.71,44.46,1660000.0,44.46
2006-07-31,43.48,44.96,43.42,44.57,2577900.0,44.57
2006-07-28,43.45,43.64,42.24,43.26,2311400.0,43.26
2006-07-27,44.0,44.29,43.32,43.45,3617600.0,43.45
2006-07-26,42.76,43.7,41.54,43.35,3974600.0,43.35
2006-07-25,41.9,42.82,41.34,42.76,3075900.0,42.76
2006-07-24,39.31,40.38,38.78,40.24,2993400.0,40.24
2006-07-21,41.06,41.07,38.69,38.93,5229000.0,38.93
2006-07-20,43.6,44.0,40.95,41.06,4298000.0,41.06
2006-07-19,42.32,43.6,41.98,43.6,2584100.0,43.6
2006-07-18,43.71,43.81,41.93,42.37,3147500.0,42.37
2006-07-17,45.0,45.05,42.95,43.15,2911900.0,43.15
2006-07-14,44.98,45.52,43.83,45.37,3047700.0,45.37
2006-07-13,45.21,45.41,44.13,44.37,3018400.0,44.37
2006-07-12,44.74,45.21,44.29,45.21,3320500.0,45.21
2006-07-11,43.13,44.97,43.13,44.75,2581100.0,44.75
2006-07-10,42.88,43.59,42.5,42.9,1876600.0,42.9
2006-07-07,44.26,44.67,42.82,42.89,2474400.0,42.89
2006-07-06,44.81,45.07,43.92,44.12,1861200.0,44.12
2006-07-05,45.36,45.36,43.4,44.8,5501200.0,44.8
2006-07-03,44.7,45.39,44.45,45.36,999300.0,45.36
2006-06-30,44.5,44.85,43.96,44.47,1820000.0,44.47
2006-06-29,43.16,44.5,42.78,44.4,2056800.0,44.4
2006-06-28,42.5,42.73,42.02,42.59,1930400.0,42.59
2006-06-27,43.64,43.95,42.26,42.27,2293900.0,42.27
2006-06-26,42.5,43.37,41.8,43.21,2335100.0,43.21
2006-06-23,41.45,42.71,41.26,42.58,3879600.0,42.58
2006-06-22,40.42,41.11,40.17,40.75,3397800.0,40.75
2006-06-21,39.45,41.26,39.3,40.67,4019800.0,40.67
2006-06-20,39.25,39.77,38.39,38.45,1567200.0,38.45
2006-06-19,40.43,40.44,38.78,38.95,3116400.0,38.95
2006-06-16,40.27,40.76,39.28,40.5,3759700.0,40.5
2006-06-15,38.15,40.25,38.02,40.2,3914500.0,40.2
2006-06-14,36.31,37.58,36.26,37.21,2819600.0,37.21
2006-06-13,36.42,37.31,35.8,36.31,3269500.0,36.31
2006-06-12,38.1,38.5,36.69,36.7,2244900.0,36.7
2006-06-09,38.75,38.84,37.18,38.14,2951000.0,38.14
2006-06-08,37.74,38.6,36.67,38.35,3624100.0,38.35
2006-06-07,39.83,39.84,38.02,38.1,2164900.0,38.1
2006-06-06,39.94,40.64,39.1,39.83,2128500.0,39.83
2006-06-05,41.87,41.87,39.87,39.95,1893600.0,39.95
2006-06-02,41.0,41.64,40.81,41.44,2457200.0,41.44
2006-06-01,40.93,41.12,39.96,40.62,2574300.0,40.62
2006-05-31,39.94,41.06,39.49,40.96,3204900.0,40.96
2006-05-30,40.91,41.14,39.85,39.96,2035400.0,39.96
2006-05-26,40.3,40.7,40.0,40.35,1451200.0,40.35
2006-05-25,39.6,40.3,39.03,40.3,2408600.0,40.3
2006-05-24,39.15,39.89,37.93,39.01,3236100.0,39.01
2006-05-23,40.99,41.35,39.67,39.7,3218300.0,39.7
2006-05-22,39.93,40.49,38.65,40.07,2050300.0,40.07
2006-05-19,40.06,40.85,39.37,40.34,2726800.0,40.34
2006-05-18,40.7,41.18,40.06,40.28,2503300.0,40.28
2006-05-17,41.75,42.39,40.58,40.67,2468500.0,40.67
2006-05-16,41.65,42.31,41.1,41.81,2694600.0,41.81
2006-05-15,42.57,42.67,40.49,41.08,2876100.0,41.08
2006-05-12,44.14,44.15,42.52,42.67,2287600.0,42.67
2006-05-11,45.0,45.5,43.87,44.14,2872800.0,44.14
2006-05-10,44.11,44.5,43.4,44.39,1974100.0,44.39
2006-05-09,43.92,44.62,43.6,44.11,1377800.0,44.11
2006-05-08,43.35,44.08,42.83,43.96,1448100.0,43.96
2006-05-05,43.85,44.65,43.58,44.2,1710200.0,44.2
2006-05-04,43.61,44.12,42.5,43.8,2699000.0,43.8
2006-05-03,44.63,44.9,43.52,43.86,2905800.0,43.86
2006-05-02,43.35,44.85,42.85,44.62,3087500.0,44.62
2006-05-01,43.1,43.28,42.43,42.85,2654500.0,42.85
2006-04-28,42.5,43.34,41.84,42.23,2321700.0,42.23
2006-04-27,42.1,42.93,40.95,42.19,3089900.0,42.19
2006-04-26,44.5,44.73,43.04,43.19,4140800.0,43.19
2006-04-25,44.5,44.74,42.28,43.27,3458300.0,43.27
2006-04-24,43.24,43.33,42.28,43.21,1725700.0,43.21
2006-04-21,42.94,43.96,42.03,43.23,2143900.0,43.23
2006-04-20,43.0,43.18,41.0,42.48,2201400.0,42.48
2006-04-19,41.7,43.27,41.59,43.24,2617100.0,43.24
2006-04-18,41.45,41.93,40.81,41.83,1794800.0,41.83
2006-04-17,42.16,42.16,40.1,40.8,1112200.0,40.8
2006-04-13,40.15,40.29,39.13,40.23,1313400.0,40.23
2006-04-12,39.94,40.21,39.51,40.15,2013300.0,40.15
2006-04-11,40.85,41.17,39.35,39.69,1784700.0,39.69
2006-04-10,39.97,40.67,39.5,40.54,1597300.0,40.54
2006-04-07,40.25,40.47,38.97,39.46,1417200.0,39.46
2006-04-06,40.47,40.74,39.49,40.24,1524900.0,40.24
2006-04-05,39.73,40.23,38.78,40.23,2233400.0,40.23
2006-04-04,38.42,39.39,37.91,39.29,1634500.0,39.29
2006-04-03,39.35,39.78,38.43,38.57,1562800.0,38.57
2006-03-31,39.41,39.41,38.06,38.96,2021400.0,38.96
2006-03-30,39.57,39.84,38.73,39.41,1935900.0,39.41
2006-03-29,38.9,39.15,38.42,39.08,2294000.0,39.08
2006-03-28,38.28,39.07,38.09,38.94,2211500.0,38.94
2006-03-27,38.25,38.57,37.56,38.27,1366400.0,38.27
2006-03-24,37.8,38.4,37.64,38.24,1670100.0,38.24
2006-03-23,36.89,37.78,36.78,37.65,1502700.0,37.65
2006-03-22,36.15,37.1,36.0,36.58,1862000.0,36.58
2006-03-21,36.1,36.82,35.88,36.11,1894500.0,36.11
2006-03-20,37.14,37.5,36.09,36.35,2002300.0,36.35
2006-03-17,37.68,37.94,36.85,37.14,2079500.0,37.14
2006-03-16,37.09,37.89,36.59,37.68,2158800.0,37.68
2006-03-15,37.48,37.89,36.68,37.09,2397000.0,37.09
2006-03-14,36.97,37.55,36.26,37.48,1762000.0,37.48
2006-03-13,36.42,37.19,36.34,36.74,1682500.0,36.74
2006-03-10,35.95,36.51,35.13,36.14,2248600.0,36.14
2006-03-09,36.7,36.7,35.55,35.96,2630400.0,35.96
2006-03-08,36.75,36.78,35.64,36.2,3279800.0,36.2
2006-03-07,38.0,38.05,36.45,36.84,2772100.0,36.84
2006-03-06,40.13,40.13,38.11,38.12,2092500.0,38.12
2006-03-03,40.1,40.74,39.84,40.12,1197300.0,40.12
2006-03-02,39.91,40.63,39.31,40.46,2157700.0,40.46
2006-03-01,39.25,39.61,38.82,39.37,1424600.0,39.37
2006-02-28,38.85,38.85,37.82,38.73,2221000.0,38.73
2006-02-27,39.91,39.92,38.72,38.88,1442500.0,38.88
2006-02-24,40.25,40.6,39.74,39.91,1696800.0,39.91
2006-02-23,39.22,39.86,38.56,39.42,2460800.0,39.42
2006-02-22,40.15,40.16,38.84,39.22,1837500.0,39.22
2006-02-21,39.7,40.65,39.66,40.58,2609300.0,40.58
2006-02-17,38.6,38.92,37.82,38.42,1852500.0,38.42
2006-02-16,38.0,38.3,37.25,38.23,2538500.0,38.23
2006-02-15,38.8,38.8,37.0,37.39,2876500.0,37.39
2006-02-14,37.88,39.0,37.82,38.3,2878200.0,38.3
2006-02-13,38.78,39.31,37.83,38.52,1892000.0,38.52
2006-02-10,38.84,39.29,38.0,38.97,3010200.0,38.97
2006-02-09,40.69,40.71,38.49,38.66,2655600.0,38.66
2006-02-08,40.24,40.36,38.9,40.0,3339000.0,40.0
2006-02-07,41.5,41.51,39.75,39.89,2849800.0,39.89
2006-02-06,42.81,43.17,42.01,42.48,3356000.0,42.48
2006-02-03,42.59,43.18,41.63,42.13,2492300.0,42.13
2006-02-02,42.71,43.46,41.31,42.43,3661800.0,42.43
2006-02-01,45.0,45.37,42.63,42.91,4100300.0,42.91
2006-01-31,44.0,45.1,43.55,45.0,3027600.0,45.0
2006-01-30,43.99,44.59,42.82,44.23,3228200.0,44.23
2006-01-27,42.55,43.18,41.55,42.73,2642500.0,42.73
2006-01-26,40.65,41.78,39.77,41.77,3635200.0,41.77
2006-01-25,42.28,42.35,40.49,40.69,3570100.0,40.69
2006-01-24,42.31,42.76,41.89,42.19,2768800.0,42.19
2006-01-23,41.05,42.36,40.31,42.31,3030400.0,42.31
2006-01-20,41.79,41.94,40.64,41.24,3198200.0,41.24
2006-01-19,39.35,40.71,39.27,40.57,2308300.0,40.57
2006-01-18,39.75,39.85,38.54,39.24,2979700.0,39.24
2006-01-17,40.85,40.86,39.94,39.99,2490600.0,39.99
2006-01-13,39.12,40.21,38.91,40.0,1876600.0,40.0
2006-01-12,40.33,40.73,39.01,39.12,2132100.0,39.12
2006-01-11,40.14,40.39,39.2,40.11,2456000.0,40.11
2006-01-10,39.2,40.24,39.17,40.14,1608800.0,40.14
2006-01-09,39.19,39.47,38.53,39.37,1935100.0,39.37
2006-01-06,38.5,39.35,38.09,39.34,1574000.0,39.34
2006-01-05,38.6,38.73,37.48,37.82,2272700.0,37.82
2006-01-04,38.25,39.27,38.21,39.07,1841700.0,39.07
2006-01-03,37.33,38.82,37.24,38.79,3357100.0,38.79
2005-12-30,36.45,37.68,36.25,37.11,1166500.0,37.11
2005-12-29,37.27,37.74,36.9,36.9,1098700.0,36.9
2005-12-28,36.76,37.74,36.6,37.47,1603900.0,37.47
2005-12-27,37.36,37.37,36.25,36.58,1341500.0,36.58
2005-12-23,37.35,37.57,36.47,37.43,1471500.0,37.43
2005-12-22,38.13,38.19,37.2,37.43,1236800.0,37.43
2005-12-21,37.97,38.46,37.47,37.88,1822400.0,37.88
2005-12-20,37.05,38.01,37.0,37.72,1500900.0,37.72
2005-12-19,37.6,37.89,36.59,36.84,2713300.0,36.84
2005-12-16,39.0,39.0,37.78,37.86,2577200.0,37.86
2005-12-15,39.12,39.38,37.99,38.61,2116700.0,38.61
2005-12-14,38.47,39.58,38.0,39.3,2440400.0,39.3
2005-12-13,39.89,40.08,39.11,39.2,2095600.0,39.2
2005-12-12,39.56,39.75,38.73,39.59,1567500.0,39.59
2005-12-09,39.04,39.39,38.57,39.25,1805400.0,39.25
2005-12-08,38.31,39.75,38.31,39.37,3321000.0,39.37
2005-12-07,39.19,39.25,38.21,38.6,2236000.0,38.6
2005-12-06,39.06,39.31,38.55,38.72,2562400.0,38.72
2005-12-05,39.58,39.69,38.65,39.05,2893800.0,39.05
2005-12-02,39.0,39.31,38.29,39.17,2026400.0,39.17
2005-12-01,38.25,39.05,38.09,39.04,2528100.0,39.04
2005-11-30,36.94,38.18,36.86,37.79,2392400.0,37.79
2005-11-29,36.97,37.44,36.43,36.85,2162800.0,36.85
2005-11-28,37.5,37.56,36.4,36.72,1909500.0,36.72
2005-11-25,38.01,38.24,37.62,37.89,616800.0,37.89
2005-11-23,37.8,38.46,37.08,38.0,2003000.0,38.0
2005-11-22,38.28,38.33,37.43,38.05,2710700.0,38.05
2005-11-21,36.0,37.54,35.88,37.4,2657300.0,37.4
2005-11-18,35.65,35.83,35.25,35.72,2036700.0,35.72
2005-11-17,35.69,35.93,35.04,35.65,3260400.0,35.65
2005-11-16,33.98,35.51,33.98,35.49,3230900.0,35.49
2005-11-15,33.5,34.59,33.38,33.79,3114600.0,33.79
2005-11-14,33.23,34.03,33.11,33.72,2558200.0,33.72
2005-11-11,32.45,33.05,32.29,32.81,1652200.0,32.81
2005-11-10,33.39,33.43,31.96,32.69,2784900.0,32.69
2005-11-09,33.3,34.32,32.48,33.53,3013900.0,33.53
2005-11-08,33.05,33.97,32.59,33.39,2138100.0,33.39
2005-11-07,33.31,33.5,32.53,33.27,2579100.0,33.27
2005-11-04,33.97,34.01,33.33,33.53,3090900.0,33.53
2005-11-03,34.1,34.42,33.42,33.96,2949700.0,33.96
2005-11-02,32.27,33.84,32.27,33.67,2661700.0,33.67
2005-11-01,31.75,32.59,31.5,32.52,2243000.0,32.52
2005-10-31,32.14,32.71,31.84,32.4,2101400.0,32.4
2005-10-28,31.0,32.2,30.59,32.14,3156400.0,32.14
2005-10-27,32.06,32.16,30.65,31.0,2824000.0,31.0
2005-10-26,31.25,32.72,31.13,32.04,3886400.0,32.04
2005-10-25,31.63,32.49,31.55,32.19,2869000.0,32.19
2005-10-24,30.45,31.7,30.32,31.63,2173800.0,31.63
2005-10-21,29.77,31.28,29.75,30.71,2433000.0,30.71
2005-10-20,30.59,31.14,29.77,30.37,3330500.0,30.37
2005-10-19,29.8,31.0,29.11,30.99,3583200.0,30.99
2005-10-18,30.78,31.16,29.61,29.61,2533300.0,29.61
2005-10-17,31.9,31.92,30.95,31.17,2018500.0,31.17
2005-10-14,30.5,31.49,30.06,31.34,2767000.0,31.34
2005-10-13,30.63,30.8,29.69,30.73,3706000.0,30.73
2005-10-12,31.7,31.7,30.55,30.83,1961200.0,30.83
2005-10-11,31.25,31.75,31.16,31.56,2576600.0,31.56
2005-10-10,31.23,31.23,30.44,30.78,2512600.0,30.78
2005-10-07,30.39,31.12,30.05,30.99,3080400.0,30.99
2005-10-06,30.3,30.78,29.6,30.06,3962200.0,30.06
2005-10-05,31.97,32.1,30.34,30.41,4193200.0,30.41
2005-10-04,33.3,33.31,31.76,31.8,2696800.0,31.8
2005-10-03,33.45,33.86,33.17,33.4,2193600.0,33.4
2005-09-30,33.3,33.58,33.15,33.31,2132700.0,33.31
2005-09-29,33.15,33.49,32.65,33.41,1779900.0,33.41
2005-09-28,32.95,33.08,32.45,32.92,1895100.0,32.92
2005-09-27,32.82,32.88,32.44,32.86,2007300.0,32.86
2005-09-26,31.75,32.83,31.73,32.82,1799100.0,32.82
2005-09-23,32.6,32.61,31.75,31.91,2116200.0,31.91
2005-09-22,33.75,33.75,32.18,32.66,2277200.0,32.66
2005-09-21,34.1,34.1,32.81,33.29,2012800.0,33.29
2005-09-20,33.4,33.51,32.56,33.29,2156300.0,33.29
2005-09-19,33.11,33.83,33.1,33.46,2273400.0,33.46
2005-09-16,33.0,33.09,32.5,32.91,2522000.0,32.91
2005-09-15,32.71,33.14,32.3,32.95,2532700.0,32.95
2005-09-14,32.65,33.1,32.3,32.61,2091100.0,32.61
2005-09-13,32.1,32.79,32.1,32.22,2820500.0,32.22
2005-09-12,33.37,33.38,32.34,32.41,3574600.0,32.41
2005-09-09,33.45,33.77,33.15,33.37,3075400.0,33.37
2005-09-08,33.43,33.48,32.66,33.0,3410700.0,33.0
2005-09-07,34.02,34.13,33.17,33.36,3163700.0,33.36
2005-09-06,33.82,34.11,33.29,33.92,2154600.0,33.92
2005-09-02,34.5,34.57,33.21,33.68,3432800.0,33.68
2005-09-01,34.74,35.4,33.84,34.69,2990100.0,34.69
2005-08-31,34.15,34.89,34.04,34.74,3142300.0,34.74
2005-08-30,33.79,34.28,33.59,33.99,2250700.0,33.99
2005-08-29,33.42,34.26,33.1,33.3,2520000.0,33.3
2005-08-26,33.59,33.69,33.12,33.34,2678300.0,33.34
2005-08-25,33.55,33.84,33.27,33.6,2786300.0,33.6
2005-08-24,66.46,67.82,66.0,67.24,1573500.0,67.24
2005-08-23,66.2,66.47,64.97,66.19,1388200.0,66.19
2005-08-22,66.66,66.78,65.31,65.91,1562900.0,65.91
2005-08-19,66.35,66.84,65.94,66.17,1372300.0,66.17
2005-08-18,65.49,67.0,65.1,65.71,1795300.0,65.71
2005-08-17,67.24,67.83,65.42,65.49,1812700.0,65.49
2005-08-16,67.87,68.45,66.89,67.24,1134900.0,67.24
2005-08-15,68.32,68.62,67.44,67.92,1038300.0,67.92
2005-08-12,70.07,70.13,68.16,68.32,1418500.0,68.32
2005-08-11,70.5,71.13,69.17,69.82,1403400.0,69.82
2005-08-10,69.4,70.48,68.39,70.45,1216800.0,70.45
2005-08-09,69.8,69.8,68.67,69.0,805700.0,69.0
2005-08-08,69.55,70.35,69.34,69.54,896400.0,69.54
2005-08-05,69.7,69.7,68.39,69.05,1098200.0,69.05
2005-08-04,68.87,70.0,68.73,69.35,829000.0,69.35
2005-08-03,69.2,69.36,68.47,68.87,911900.0,68.87
2005-08-02,68.6,69.0,68.03,68.99,1201500.0,68.99
2005-08-01,67.02,68.86,67.02,68.43,675700.0,68.43
2005-07-29,68.8,69.0,67.88,67.94,942600.0,67.94
2005-07-28,68.75,68.9,67.52,68.45,1054100.0,68.45
2005-07-27,67.7,68.45,66.7,68.36,1391700.0,68.36
2005-07-26,68.67,68.68,66.91,67.47,2114300.0,67.47
2005-07-25,69.6,69.61,67.4,68.33,2768600.0,68.33
2005-07-22,67.91,69.88,67.37,69.54,2352000.0,69.54
2005-07-21,66.56,67.23,65.74,66.58,1385500.0,66.58
2005-07-20,66.41,66.84,65.44,66.37,977200.0,66.37
2005-07-19,64.8,66.51,64.25,66.35,1008000.0,66.35
2005-07-18,64.69,65.18,63.83,64.46,1103900.0,64.46
2005-07-15,65.82,65.89,64.72,64.91,1196400.0,64.91
2005-07-14,66.72,67.22,64.87,65.13,1523800.0,65.13
2005-07-13,67.93,68.47,66.17,66.72,1611500.0,66.72
2005-07-12,67.7,68.43,67.15,67.93,1104900.0,67.93
2005-07-11,66.28,67.33,65.69,67.33,1076900.0,67.33
2005-07-08,66.9,67.65,66.04,66.28,1592300.0,66.28
2005-07-07,65.6,66.62,65.18,66.5,1452500.0,66.5
2005-07-06,67.4,67.77,65.58,65.92,1359200.0,65.92
2005-07-05,65.15,67.23,65.0,66.95,1462600.0,66.95
2005-07-01,63.89,64.92,63.46,64.86,1119600.0,64.86
2005-06-30,63.72,64.81,63.49,63.7,1267000.0,63.7
2005-06-29,63.13,63.97,63.0,63.71,1381100.0,63.71
2005-06-28,63.78,64.39,63.0,63.12,1281800.0,63.12
2005-06-27,63.38,64.17,62.96,64.0,1101200.0,64.0
2005-06-24,63.82,63.89,62.75,62.93,895100.0,62.93
2005-06-23,62.77,64.05,62.05,63.4,1620200.0,63.4
2005-06-22,62.72,62.99,61.64,62.77,1334800.0,62.77
2005-06-21,63.38,63.59,62.33,62.34,1038500.0,62.34
2005-06-20,64.19,64.37,63.5,63.78,1411100.0,63.78
2005-06-17,63.5,64.11,62.25,64.11,1879400.0,64.11
2005-06-16,62.23,62.96,61.94,62.82,1252600.0,62.82
2005-06-15,60.8,61.9,60.28,61.9,1446500.0,61.9
2005-06-14,60.62,61.43,59.99,60.22,932700.0,60.22
2005-06-13,60.29,60.86,59.8,60.61,1099500.0,60.61
2005-06-10,59.43,60.74,59.01,60.41,1546900.0,60.41
2005-06-09,58.37,59.83,58.07,59.7,1624800.0,59.7
2005-06-08,58.0,59.0,57.64,57.92,2467500.0,57.92
2005-06-07,58.87,59.32,58.02,58.11,1265300.0,58.11
2005-06-06,59.64,59.98,58.4,58.87,1767900.0,58.87
2005-06-03,59.09,59.7,58.96,59.14,1187400.0,59.14
2005-06-02,59.38,59.38,58.19,58.76,1796100.0,58.76
2005-06-01,58.9,59.5,58.59,59.37,1601900.0,59.37
2005-05-31,59.25,59.26,58.06,58.76,1214200.0,58.76
2005-05-27,59.44,59.65,58.82,59.25,828500.0,59.25
2005-05-26,58.9,59.3,58.49,59.18,769300.0,59.18
2005-05-25,57.62,59.12,57.1,58.88,1378800.0,58.88
2005-05-24,57.82,58.22,57.18,57.68,1352200.0,57.68
2005-05-23,56.79,57.78,56.32,57.66,1071100.0,57.66
2005-05-20,57.5,57.8,56.72,56.79,965100.0,56.79
2005-05-19,56.45,57.56,56.36,57.38,1016800.0,57.38
2005-05-18,58.53,58.53,55.8,56.45,1645100.0,56.45
2005-05-17,56.5,57.51,56.33,57.27,1325700.0,57.27
2005-05-16,55.22,56.65,54.69,56.54,1820400.0,56.54
2005-05-13,56.55,56.94,55.57,55.83,1556400.0,55.83
2005-05-12,58.38,58.46,56.33,56.43,1703800.0,56.43
2005-05-11,58.49,59.01,57.68,58.85,989000.0,58.85
2005-05-10,60.06,60.15,58.4,58.49,1173800.0,58.49
2005-05-09,59.68,60.53,59.49,60.42,695100.0,60.42
2005-05-06,60.45,60.73,59.44,59.57,951800.0,59.57
2005-05-05,60.0,60.47,58.96,59.73,1225500.0,59.73
2005-05-04,58.15,59.66,57.3,59.42,1668600.0,59.42
2005-05-03,59.56,59.57,57.69,57.9,1254400.0,57.9
2005-05-02,58.18,59.97,58.04,59.96,1282600.0,59.96
2005-04-29,59.08,59.34,57.71,58.18,1841800.0,58.18
2005-04-28,58.36,59.7,58.36,58.8,1517400.0,58.8
2005-04-27,61.45,61.49,59.34,59.48,2641500.0,59.48
2005-04-26,62.03,62.59,61.19,61.45,2436700.0,61.45
2005-04-25,62.0,62.52,61.37,62.16,1408600.0,62.16
2005-04-22,60.71,62.0,60.09,61.03,1796200.0,61.03
2005-04-21,58.9,60.75,58.5,60.68,1435700.0,60.68
2005-04-20,59.6,60.1,58.1,58.37,1381800.0,58.37
2005-04-19,58.75,59.96,58.66,59.36,1467100.0,59.36
2005-04-18,57.6,58.8,57.45,58.13,1640900.0,58.13
2005-04-15,58.66,59.5,57.27,57.6,2006700.0,57.6
2005-04-14,59.55,59.91,58.4,58.66,2442100.0,58.66
2005-04-13,60.66,61.42,59.21,59.37,1504000.0,59.37
2005-04-12,61.65,61.7,59.94,60.72,1980700.0,60.72
2005-04-11,61.28,62.15,60.32,62.03,1050100.0,62.03
2005-04-08,62.3,62.95,61.33,61.4,1475400.0,61.4
2005-04-07,64.15,64.28,61.85,62.73,1392200.0,62.73
2005-04-06,62.23,64.0,61.99,63.6,1720900.0,63.6
2005-04-05,62.65,63.16,61.63,62.23,1325000.0,62.23
2005-04-04,63.98,64.25,61.87,62.81,1653100.0,62.81
2005-04-01,63.19,63.43,62.4,63.43,1416800.0,63.43
2005-03-31,60.95,63.16,60.95,62.73,1671600.0,62.73
2005-03-30,60.15,60.82,58.94,60.73,1910300.0,60.73
2005-03-29,61.5,62.46,60.02,60.02,1567000.0,60.02
2005-03-28,60.45,61.99,60.26,61.59,1215800.0,61.59
2005-03-24,61.2,61.83,60.55,60.9,1121300.0,60.9
2005-03-23,62.02,62.02,60.2,60.82,2099700.0,60.82
2005-03-22,62.62,64.46,62.32,62.55,1773000.0,62.55
2005-03-21,62.07,62.89,61.67,62.62,1403400.0,62.62
2005-03-18,62.36,63.15,61.73,62.07,1445900.0,62.07
2005-03-17,62.2,62.55,61.28,62.0,1536300.0,62.0
2005-03-16,61.78,63.08,61.06,61.49,1523300.0,61.49
2005-03-15,63.06,63.63,61.58,61.78,1784400.0,61.78
2005-03-14,61.81,63.11,61.24,63.03,1374200.0,63.03
2005-03-11,61.85,63.38,61.71,62.39,1267600.0,62.39
2005-03-10,61.69,62.75,60.89,61.97,2103600.0,61.97
2005-03-09,64.78,65.15,61.87,62.05,2021600.0,62.05
2005-03-08,65.11,65.93,64.09,64.34,1184100.0,64.34
2005-03-07,65.53,65.59,64.07,65.11,1141800.0,65.11
2005-03-04,64.56,65.77,64.12,65.53,1144100.0,65.53
2005-03-03,63.3,64.73,63.07,64.56,1374300.0,64.56
2005-03-02,62.4,63.78,62.33,63.0,1650800.0,63.0
2005-03-01,64.26,64.49,62.25,62.6,1263800.0,62.6
2005-02-28,65.56,66.29,63.52,64.26,1852600.0,64.26
2005-02-25,64.0,65.02,63.71,64.99,1410900.0,64.99
2005-02-24,64.19,64.81,62.5,64.12,1832800.0,64.12
2005-02-23,62.48,64.08,62.48,64.08,1185200.0,64.08
2005-02-22,64.35,64.35,62.48,62.48,1528800.0,62.48
2005-02-18,63.44,63.94,63.0,63.66,1725100.0,63.66
2005-02-17,63.74,64.12,62.84,62.9,2222300.0,62.9
2005-02-16,61.56,63.69,61.22,63.63,1701100.0,63.63
2005-02-15,61.24,61.97,60.73,61.31,1113300.0,61.31
2005-02-14,62.2,62.44,60.58,61.24,1197000.0,61.24
2005-02-11,61.98,62.36,61.41,62.05,1572400.0,62.05
2005-02-10,60.29,62.2,60.05,61.59,1762800.0,61.59
2005-02-09,60.06,60.79,59.32,59.82,1195700.0,59.82
2005-02-08,59.48,60.73,59.14,60.2,770300.0,60.2
2005-02-07,60.94,61.25,59.2,59.7,1162300.0,59.7
2005-02-04,61.27,61.48,60.68,60.93,1171000.0,60.93
2005-02-03,60.65,61.21,59.78,61.0,1775400.0,61.0
2005-02-02,59.93,61.19,59.71,60.65,1626800.0,60.65
2005-02-01,59.25,60.13,58.76,59.78,1403500.0,59.78
2005-01-31,57.41,59.37,56.73,59.2,1387000.0,59.2
2005-01-28,57.75,58.51,57.28,57.41,1913400.0,57.41
2005-01-27,59.0,60.05,58.65,59.5,1576600.0,59.5
2005-01-26,58.55,59.28,57.96,58.96,1062600.0,58.96
2005-01-25,58.9,59.46,58.25,58.7,2183000.0,58.7
2005-01-24,58.29,58.99,57.93,58.19,2066100.0,58.19
2005-01-21,57.65,58.25,57.1,57.16,1450500.0,57.16
2005-01-20,57.02,57.4,56.41,56.9,1967600.0,56.9
2005-01-19,57.51,58.17,57.43,57.56,994200.0,57.56
2005-01-18,57.96,59.03,56.99,57.66,1312600.0,57.66
2005-01-14,57.27,57.72,56.41,57.44,1417200.0,57.44
2005-01-13,56.48,58.18,56.27,57.27,2466300.0,57.27
2005-01-12,54.75,55.98,54.42,55.9,2318700.0,55.9
2005-01-11,54.04,54.52,53.39,54.33,1569700.0,54.33
2005-01-10,53.57,54.62,53.57,54.24,2328300.0,54.24
2005-01-07,53.07,53.15,51.66,53.0,3073400.0,53.0
2005-01-06,51.65,53.52,51.6,53.21,2176400.0,53.21
2005-01-05,52.37,52.69,51.67,51.91,1953700.0,51.91
2005-01-04,52.74,53.44,52.22,52.37,2035500.0,52.37
2005-01-03,53.7,53.7,52.41,52.51,1290900.0,52.51
